rejectReason,name,reviews,address,types,place_id
known-tunnel-chain,Tidal Wave Auto Spa | Car Wash,1347,"6501 Johnson Dr, Mission, KS 66202",Car wash|Self service car wash,ChIJFTvzt_btwIcR6Tfl2kfrbzw
known-tunnel-chain,Tidal Wave Auto Spa | Car Wash,963,"3898 Brian Jordan Pl, High Point, NC 27265",Car wash|Self service car wash,ChIJX3bsFxMFU4gRtzbbAfAKU1w
known-tunnel-chain,Tidal Wave Auto Spa | Car Wash,793,"3745 Battleground Ave, Greensboro, NC 27410",Car wash|Self service car wash,ChIJU8Tjy0scU4gRiGJIPteTHRE
known-tunnel-chain,Tidal Wave Auto Spa | Car Wash,784,"1950 Lake Pine Dr, Apex, NC 27502",Car wash|Self service car wash,ChIJw5kBnyjzrIkRy8bDo4pThXQ
known-tunnel-chain,Tidal Wave Auto Spa | Car Wash,657,"7930 State Line Rd, Prairie Village, KS 66208",Car wash|Self service car wash,ChIJVww_TB_vwIcRUVmUSvpClGM
known-tunnel-chain,Tidal Wave Auto Spa | Car Wash,630,"1185 Research Center Dr SW, Atlanta, GA 30331",Car wash|Self service car wash,ChIJu6KhHs4d9YgR8Fja_qLIsDo
known-tunnel-chain,Tidal Wave Auto Spa | Car Wash,497,"1409 Packer Crossing, Richmond, VA 23235",Car wash|Self service car wash,ChIJU29c749tsYkRWa_X-89zNeY
known-tunnel-chain,Tidal Wave Auto Spa | Car Wash,480,"2008 Cornhusker Rd, Bellevue, NE 68123",Car wash|Self service car wash,ChIJy2S3XyqJk4cRzIYqf2ZsHbg
known-tunnel-chain,Tidal Wave Auto Spa | Car Wash,468,"12901 Deertrace Ave, Orlando, FL 32837",Car wash|Self service car wash,ChIJz4PVZ6eH3YgRi6PZWSoXnn0
known-tunnel-chain,Tidal Wave Auto Spa | Car Wash,451,"10760 Parallel Pkwy, Kansas City, KS 66109",Car wash|Self service car wash,ChIJUdHAzzWPwIcRA3ew33GfK2s
known-tunnel-chain,Tidal Wave Auto Spa | Car Wash,377,"4140 Fountain Ln, Horn Lake, MS 38637",Car wash|Self service car wash,ChIJYSuacS5j1YcRvH-JYFi_jrM
known-tunnel-chain,Tidal Wave Auto Spa | Car Wash,350,"10601 Unser Blvd NW, Albuquerque, NM 87114",Car wash|Self service car wash,ChIJXS9n8sdxIocRD9EVeO-1JtU
known-tunnel-chain,Tidal Wave Auto Spa | Car Wash,281,"17620 East 39th St S, Independence, MO 64055",Car wash|Self service car wash,ChIJwU9m7bIdwYcR4SG7GoGHzDA
known-tunnel-chain,Tidal Wave Auto Spa | Car Wash,241,"11910 M St, Omaha, NE 68137",Car wash|Self service car wash,ChIJJXhx8p3zk4cRN_Ews1BetmI
known-tunnel-chain,Tidal Wave Auto Spa | Car Wash,133,"11902 W Dodge Rd, Omaha, NE 68154",Car wash|Self service car wash,ChIJtRr3y6WNk4cRxhNkF7xY5dU
non-carwash-business,Bernard's Chevron Touchless Car Wash,95,"1051 Airway Blvd, Livermore, CA 94550",Car wash,ChIJw-MOlz_pj4ARTjc-xL8lHp4
non-carwash-business,Walmart Supercenter,8747,"3223 E Hammer Ln, Stockton, CA 95212",Department store|Bakery|Clothing store|Electronics store|Furniture store|Grocery store|Hardware store|Home goods store|Sporting goods store|Toy store,ChIJ8_0y7bcMkIARlw0JrQfhDkc
non-carwash-business,Walmart Supercenter,7662,"6225 Colony St, Bakersfield, CA 93307",Department store|Bakery|Clothing store|Electronics store|Furniture store|Grocery store|Hardware store|Home goods store|Sporting goods store|Toy store,ChIJIZNZpbBq6oARVEJ7gnwXTz0
non-carwash-business,Walmart Supercenter,6332,"8400 Rosedale Hwy, Bakersfield, CA 93312",Department store|Bakery|Clothing store|Electronics store|Furniture store|Grocery store|Hardware store|Home goods store|Sporting goods store|Toy store,ChIJc4PlsK1D6oARJpR881pvsDM
known-tunnel-chain,Take 5 Car Wash,5586,"3949 S Belt Line Rd, Grand Prairie, TX 75052",Car wash,ChIJvVExMveFToYRI5SzhFIOSTM
known-tunnel-chain,BlueWave Express Car Wash,4348,"700 W Trenton Rd, McAllen, TX 78504",Car wash,ChIJWX-b8VGhZYYRVa6eOAhRD7c
non-carwash-business,Walmart Supercenter,4232,"1730 Lincoln Way E, Chambersburg, PA 17202",Department store|Bakery|Clothing store|Electronics store|Furniture store|Grocery store|Hardware store|Home goods store|Sporting goods store|Toy store,ChIJK9qOEP6eyYkRGoJJx4ZP8gU
known-tunnel-chain,LUV Car Wash,4158,"1555 Dunn Ave, Jacksonville, FL 32218",Car wash,ChIJlU_G9Baw5YgRwoGzf65myJY
known-tunnel-chain,Quick Quack Car Wash,3733,"1120 Exposition Blvd, Sacramento, CA 95815",Car wash|Self service car wash,ChIJp_Dtn1TXmoARA3MTk3qeFyE
known-tunnel-chain,Hello! Deluxe Car Wash,3713,"2500 Fort Worth Ave, Dallas, TX 75211",Car wash,ChIJydagpV2bToYRNnqT9SrnRbs
known-tunnel-chain,BlueWave Express Car Wash,3516,"1382 W University Dr, Edinburg, TX 78539",Car wash,ChIJv6LIQjWiZYYR400zyYgp0Ik
known-tunnel-chain,Quick Quack Car Wash,3400,"1609 Watt Ave, Sacramento, CA 95864",Car wash|Self service car wash,ChIJkcFCWLnbmoARImzj_Kp-wGA
non-carwash-business,Jerry's Home Improvement Center,3328,"2525 Olympic St, Springfield, OR 97477",Home improvement store,ChIJDx7nPP7gwFQRSLJtd6CKZEQ
known-tunnel-chain,Quick Quack Car Wash,2867,"12830 Day St, Moreno Valley, CA 92553",Car wash|Self service car wash,ChIJf1OjgG2v3IAR0ujGrjSBSns
known-tunnel-chain,Take 5 Car Wash,2851,"3802 W Illinois Ave, Dallas, TX 75211",Car wash,ChIJH1v6OYaaToYRMff4dCvF2KQ
known-tunnel-chain,Take 5 Car Wash,2844,"400 24th St S, Birmingham, AL 35233",Car wash,ChIJ5-BGzbgbiYgRoTMWURFEZLg
known-tunnel-chain,LUV Car Wash,2610,"9491 Baymeadows Rd, Jacksonville, FL 32256",Car wash,ChIJTW3CI1jK5YgR7ZtrYtcGX3k
known-tunnel-chain,Take 5 Car Wash,2521,"7641 Crestwood Blvd, Birmingham, AL 35210",Car wash,ChIJQzWOeZBtYogRISmi8nPd6Ig
known-tunnel-chain,Zips Car Wash,2468,"9430 Page Ave, St. Louis, MO 63132",Car wash,ChIJv0wEgY8034cRqpaZo0CLy8c
known-tunnel-chain,Quick Quack Car Wash,2467,"1208 E Polk Ave, Pharr, TX 78577",Car wash|Self service car wash,ChIJMy446H2hZYYR4rCTC-l7qH8
known-tunnel-chain,Take 5 Car Wash,2421,"3851 Lapalco Blvd, Harvey, LA 70058",Car wash,ChIJ172PzMOe-IgRk9noLfoU8Nw
known-tunnel-chain,Take 5 Car Wash,2367,"250 Lapalco Blvd, Gretna, LA 70056",Car wash,ChIJcx3hdVe9-IgRrpoKt33QnsU
known-tunnel-chain,Take 5 Car Wash,2348,"1917 Skibo Rd, Fayetteville, NC 28314",Car wash,ChIJU6OJjC5rq4kRz5rJrrB5hWE
known-tunnel-chain,WhiteWater Express Car Wash,2249,"13722 E Freeway Service Rd, Houston, TX 77015",Car wash,ChIJV9AB6aajQIYR9kiQCtDO9yA
known-tunnel-chain,Take 5 Car Wash,2215,"4349 Summer Ave, Memphis, TN 38122",Car wash,ChIJbdpUAeiDf4gRbnAk3S0-D5U
non-carwash-business,The Home Depot,2214,"4001 Ming Ave, Bakersfield, CA 93309",Home improvement store|Appliance store|Bathroom supply store|Flooring store|Garden center|Hardware store|Kitchen supply store|Lumber store|Paint store|Tool store,ChIJB94H1thB6oAR8k-frMtlGQM
known-tunnel-chain,Rocket Express Car Wash,2189,"12345 W Fairview Ave, Boise, ID 83713",Car wash,ChIJUXyMTyVUrlQRuha_5m12yJc
known-tunnel-chain,Take 5 Car Wash Utah,2132,"672 S W Temple St, Salt Lake City, UT 84101",Car wash,ChIJjaRzy4kHZIgR8tGbKiFvPrI
known-tunnel-chain,Take 5 Car Wash,2117,"11380 Bloomingdale Ave, Riverview, FL 33578",Car wash,ChIJt4pREM3RwogRh9d25v32jWw
known-tunnel-chain,Quick Quack Car Wash,2078,"1901 L St, Sacramento, CA 95811",Car wash|Self service car wash,ChIJEwYDLIPRmoAR4g-jnVwLvhI
known-tunnel-chain,Hello! Deluxe Car Wash,2075,"6605 Larmanda St, Dallas, TX 75231",Car wash,ChIJu4Luz_WhToYR_RPfXYE5HVU
non-carwash-business,The Home Depot,2064,"2655 Mount Vernon Ave, Bakersfield, CA 93306",Home improvement store|Appliance store|Bathroom supply store|Flooring store|Garden center|Hardware store|Kitchen supply store|Lumber store|Paint store|Tool store,ChIJhduVnlBp6oARVBFZQ3BVoq0
non-carwash-business,Lowe's Home Improvement,2026,"7825 Rosedale Hwy, Bakersfield, CA 93308",Home improvement store|Appliance store|Building materials supplier|Flooring store|Furniture store|Grill store|Hardware store|Lawn equipment rental service|Outdoor furniture store|Rug store,ChIJX9w7mE1C6oARbim0flB5UlE
known-tunnel-chain,Super Star Car Wash - Greenville Ave & Dyer St,1959,"4616 Greenville Ave, Dallas, TX 75206",Car wash,ChIJu69zRHOfToYR7dkhxGqr3Fk
known-tunnel-chain,Super Star Car Wash - Cooper St & California Ln,1951,"2700 S Cooper St, Arlington, TX 76015",Car wash,ChIJtS8R_4x9ToYR0Ne35wIvkts
known-tunnel-chain,Caliber Car Wash,1939,"38 Dan Owen Dr, Hampstead, NC 28443",Car wash|Car detailing service|Self service car wash,ChIJY8g6CzuRqYkRcPJqoX13gl0
known-tunnel-chain,Take 5 Car Wash,1937,"1675 Union Ave, Memphis, TN 38104",Car wash,ChIJxyM4igR-1YcRVMB_9ImvL2M
known-tunnel-chain,Quick Quack Car Wash,1921,"7510 W Stockton Blvd, Sacramento, CA 95823",Car wash|Self service car wash,ChIJq2s8s0jHmoAR1uARpV-LDEg
non-carwash-business,Lowe's Home Improvement,1911,"3645 E Hammer Ln, Stockton, CA 95212",Home improvement store|Appliance store|Building materials supplier|Flooring store|Furniture store|Grill store|Hardware store|Lawn equipment rental service|Outdoor furniture store|Rug store,ChIJv1RU3skMkIARl9WEx7msXLU
known-tunnel-chain,Take 5 Car Wash,1854,"2920 Derita Rd, Concord, NC 28027",Car wash,ChIJZ2Pdf64dVIgRPAHhUNJnjqo
known-tunnel-chain,Zips Car Wash,1848,"9200 Brier Creek Pkwy, Raleigh, NC 27617",Car wash,ChIJV5BHw3zwrIkRylb25uCpbEA
known-tunnel-chain,Take 5 Car Wash,1828,"6040 Mt Moriah Rd, Memphis, TN 38115",Car wash,ChIJWVfMGtBXIBURH5fOLqvXPoE
known-tunnel-chain,Quick Quack Car Wash,1821,"7474 N Marksheffel Rd, Colorado Springs, CO 80908",Car wash|Self service car wash,ChIJoW1fnkRJE4cRFJbAN_ixpE8
non-carwash-business,The Home Depot,1818,"8700 Rosedale Hwy, Bakersfield, CA 93312",Home improvement store|Appliance store|Bathroom supply store|Flooring store|Garden center|Hardware store|Kitchen supply store|Lumber store|Paint store|Tool store,ChIJW1CGsK5D6oARVSwEUYC-6Ys
known-tunnel-chain,Mister Car Wash,1786,"1478 S 300 W, Salt Lake City, UT 84115",Car wash,ChIJL3RnQin1UocRYfN0K7vDYzA
non-carwash-business,Lowe's Home Improvement,1772,"1600 Lincoln Way E, Chambersburg, PA 17202",Home improvement store|Appliance store|Building materials supplier|Flooring store|Furniture store|Grill store|Hardware store|Lawn equipment rental service|Outdoor furniture store|Rug store,ChIJE137A_yeyYkR0o8t2BPmpq8
known-tunnel-chain,Quick Quack Car Wash,1763,"49 Bicentennial Cir, Sacramento, CA 95826",Car wash|Self service car wash,ChIJfxBaDtzamoARO5ZH5meOnmQ
known-tunnel-chain,Zips Car Wash,1739,"10220 E 61st St, Tulsa, OK 74133",Car wash,ChIJzzTCk6mNtocRVaFLFD6A9sE
known-tunnel-chain,LUV Car Wash - Sherman Way,1727,"14537 Sherman Way, Van Nuys, CA 91405",Car wash,ChIJVbUcvyKXwoARJo_Zs8eiLuo
non-carwash-business,Harbor Freight,1721,"1120 East Waterloo Rd #4, Stockton, CA 95205",Hardware store|Tool store,ChIJOwlVw1YNkIAR2krFg38RQaY
non-carwash-business,Lowe's Home Improvement,1687,"1601 Columbus St, Bakersfield, CA 93305",Home improvement store|Appliance store|Building materials supplier|Flooring store|Furniture store|Grill store|Hardware store|Lawn equipment rental service|Outdoor furniture store|Rug store,ChIJkzxMQEJp6oARQMBqGE318j0
known-tunnel-chain,Take 5 Car Wash,1675,"3736 Riverdale Rd, Memphis, TN 38115",Car wash,ChIJ73_E5Ziaf4gRog_IeZJ5uQI
known-tunnel-chain,Take 5 Car Wash,1660,"2750 S Perkins Rd, Memphis, TN 38118",Car wash,ChIJBZpXuLeFf4gRtZSy5zySkms
known-tunnel-chain,Mister Car Wash,1653,"6365 Montana Ave, El Paso, TX 79925",Car wash,ChIJd9k9_09a54YRGnNRHNpB1Ec
known-tunnel-chain,Quick Quack Car Wash,1608,"9150 Bruceville Rd, Elk Grove, CA 95758",Car wash|Self service car wash,ChIJbWOcpTvHmoARAcYE7irY41w
known-tunnel-chain,Quick Quack Car Wash,1598,"1018 E March Ln, Stockton, CA 95210",Car wash|Self service car wash,ChIJm2eZi-MMkIARuKQAy63K_JI
known-tunnel-chain,Mister Car Wash,1596,"1022 N Division St, Spokane, WA 99202",Car wash,ChIJTQDGPvIYnlQRB7HwhQY3CdI
known-tunnel-chain,Mister Car Wash,1579,"2260 Miller Park Way, Milwaukee, WI 53219",Car wash,ChIJz2X1yHgaBYgRbwB5Q0n4BWE
non-carwash-business,Shiny Shell Car Wash,1548,"4608 S 900 E, Millcreek, UT 84117",Car wash,ChIJZZ9Ay1qLUocRdx4fuIR4JO0
known-tunnel-chain,Take 5 Car Wash,1528,"13480 Beach Blvd, Jacksonville, FL 32224",Car wash,ChIJVwhayFFK5IgRnU_Kx0Oeekg
known-tunnel-chain,WhiteWater Express Car Wash,1513,"3970 Red Bank Rd, Cincinnati, OH 45227",Car wash,ChIJVwauX5utQYgRRmmR89BHSdQ
known-tunnel-chain,Quick Quack Car Wash,1509,"4285 Austin Bluffs Pkwy, Colorado Springs, CO 80918",Car wash|Self service car wash,ChIJp6qmebVIE4cRY4i5aoIg0DY
non-carwash-business,Harbor Freight,1450,"4100 White Ln, Bakersfield, CA 93309",Hardware store|Tool store,ChIJg_etnClA6oARj6YLQ1syhEo
known-tunnel-chain,Whistle Express Car Wash,1440,"1535 Peters Creek Pkwy, Winston-Salem, NC 27103",Car wash,ChIJVaNrzB-vU4gRRDUI7KBbezY
known-tunnel-chain,Zips Car Wash,1420,"3541 Forest Ln, Dallas, TX 75234",Car wash,ChIJxVvYmWsnTIYRg71DqZGav7s
known-tunnel-chain,Quick Quack Car Wash,1416,"5112 Scott Creek Dr, Stockton, CA 95219",Car wash|Self service car wash,ChIJHTvqTJ8JkIAR0_Z28UcXWYU
non-carwash-business,Harbor Freight,1395,"3745 Rosedale Hwy, Bakersfield, CA 93308",Hardware store|Tool store,ChIJCXIjEwtC6oARLAurYBnwt3M
known-tunnel-chain,Super Star Car Wash - Razorback Rd & Dorothy Ln,1394,"8330 Razorback Rd, Colorado Springs, CO 80920",Car wash,ChIJy55gk1JNE4cRmQT9w5Vs48Q
known-tunnel-chain,Zips Car Wash,1382,"7229 Maynardville Pike, Knoxville, TN 37918",Car wash,ChIJkQ0jZGEVXIgRRNn7KyVfG4c
known-tunnel-chain,Take 5 Car Wash,1376,"9122 US-64, Lakeland, TN 38002",Car wash,ChIJXX3wNxief4gRNfPB9NnRYLM
known-tunnel-chain,Take 5 Car Wash,1375,"1270 Lamar Ave, Memphis, TN 38104",Car wash,ChIJM0I3R3V-1YcR1tHMgslYI2E
known-tunnel-chain,Take 5 Car Wash Utah,1375,"6501 S State St, Murray, UT 84107",Car wash,ChIJaxJ_FLuJUocRcUGgahfHzaE
known-tunnel-chain,Mister Car Wash,1354,"8500 Research Blvd #100, Austin, TX 78758",Car wash,ChIJv_ygNcbLRIYRa_ma5AUW0go
known-tunnel-chain,Moo Moo Express Car Wash,1339,"6300 E Broad St, Columbus, OH 43213",Car wash,ChIJ3fRdD5JjOIgRVBQStwttbjg
known-tunnel-chain,Quick Quack Car Wash,1333,"13715 Meridian E, Puyallup, WA 98373",Car wash|Self service car wash,ChIJVYgIoHD9kFQR5DKreT4gfHk
known-tunnel-chain,Zips Car Wash,1304,"3401 Wilkinson Blvd, Charlotte, NC 28208",Car wash,ChIJY_e_ykShVogRQ9KB5kLpfAg
known-tunnel-chain,Whistle Express Car Wash,1275,"6929 103rd St, Jacksonville, FL 32210",Car wash,ChIJy4Opdq3H5YgRidsnJ6WQdAI
non-carwash-business,Target,1246,"4707 Pacific Ave, Stockton, CA 95207",Department store|Baby store|Clothing store|Electronics store|Furniture store|Home goods store|Office supply store|Outdoor furniture store|Shoe store|Toy store,ChIJwwSRZlMMkIARQIf9X1Md5A0
known-tunnel-chain,WhiteWater Express Car Wash,1231,"3851 Colonel Glenn Hwy, Beavercreek, OH 45324",Car wash,ChIJYxJe7E6dQIgRowA_paLVwlc
non-carwash-business,Harbor Freight,1226,"3901 S University Ave Suite 6, Little Rock, AR 72204",Hardware store|Tool store,ChIJ5YcVB_ik0ocRX3JS3ed_iyI
known-tunnel-chain,WhiteWater Express Car Wash,1217,"8150 Yankee St, Dayton, OH 45458",Car wash,ChIJUS2WD-SJQIgRk1evlmP_ayM
known-tunnel-chain,Moo Moo Express Car Wash,1202,"904 W 5th Ave, Columbus, OH 43212",Car wash,ChIJMynCtvCOOIgRN4bFmVTbxrk
known-tunnel-chain,Quick Quack Car Wash,1194,"6020 Barnes Rd, Colorado Springs, CO 80922",Car wash|Self service car wash,ChIJEcadczdJE4cRc4NQpaHHYOs
known-tunnel-chain,GO Car Wash,1169,"13011 Silicon Dr, San Antonio, TX 78249",Car wash,ChIJzVh29udmXIYReBXjuEii9AU
known-tunnel-chain,Moo Moo Express Car Wash,1088,"1296 Morse Rd, Columbus, OH 43229",Car wash,ChIJadywBjqLOIgRlXE2Rn3vgOI
known-tunnel-chain,Zips Car Wash,1086,"106 Moss Grove Blvd, Knoxville, TN 37922",Car wash,ChIJUXx_inolXIgRSzqNEwF0RQE
known-tunnel-chain,Take 5 Car Wash,1069,"434 S Germantown Pkwy, Cordova, TN 38018",Car wash,ChIJR16uXoybf4gR-hlf2VoB7KQ
known-tunnel-chain,Mister Car Wash,1066,"3625 NM-528, Albuquerque, NM 87114",Car wash,ChIJVVWlJT5xIocRnCaexTNHzHs
known-tunnel-chain,Quick Quack Car Wash,1063,"8944 Pocket Rd, Sacramento, CA 95831",Car wash|Self service car wash,ChIJ2zilMETOmoAREbgff4kmvUY
known-tunnel-chain,Zips Car Wash,1045,"3912 S Sheridan Rd, Tulsa, OK 74145",Car wash,ChIJw9tl7aWStocR3WhxJZR_flU
known-tunnel-chain,Take 5 Car Wash,1030,"3220 Veterans Blvd, Metairie, LA 70002",Car wash,ChIJ9X8sDMuxIIYR_lQR0lUNbsU
known-tunnel-chain,Clean Express Auto Wash,1023,"3606 Carnegie Ave, Cleveland, OH 44115",Car wash,ChIJ5yng41j6MIgR-riNulc8HF0
known-tunnel-chain,Mister Car Wash,990,"1482 George Dieter Dr, El Paso, TX 79936",Car wash,ChIJAXytFn9D54YRbWvBYUx1Ego
known-tunnel-chain,Moo Moo Express Car Wash,963,"1944 Hilliard Rome Rd, Hilliard, OH 43026",Car wash,ChIJyQYtsyWROIgRJ5vDqbwSb88
known-tunnel-chain,Super Star Car Wash - Woodmen Rd & Falcon Mkt Pl,949,"7525 Falcon Mkt Pl, Falcon, CO 80831",Car wash,ChIJYxmsXU83E4cRaViBcFqufNo
known-tunnel-chain,Mister Car Wash,945,"11184 Vista del Sol Dr, El Paso, TX 79935",Car wash,ChIJkXPcVZhE54YRLGYfGFHKz-E
known-tunnel-chain,Quick Quack Car Wash,937,"40 E 3300 S, South Salt Lake, UT 84115",Car wash|Self service car wash,ChIJw4dsAySLUocR3noS6sZzkZ4
known-tunnel-chain,Mike's Carwash,929,"6313 Lima Rd, Fort Wayne, IN 46818",Car wash,ChIJXRORdbPjFYgRlibVCznGNhM
known-tunnel-chain,Champion Xpress Carwash,928,"4516 Wyoming Blvd NE, Albuquerque, NM 87111",Car wash,ChIJvW0MfDB1IocRvS0Y_dyqB5o
known-tunnel-chain,Zips Car Wash,926,"5740 Albemarle Rd, Charlotte, NC 28212",Car wash,ChIJZYsehNwhVIgRBCR_U8n9d7I
known-tunnel-chain,Zips Car Wash,900,"6655 Clinton Hwy, Knoxville, TN 37912",Car wash,ChIJn3lAqPQ7XIgR1H9FuatZbaE
known-tunnel-chain,Take 5 Car Wash Utah,897,"6126 S Vine Way, Murray, UT 84121",Car wash,ChIJyYSLWGhiUocRWkVLO7MidC8
known-tunnel-chain,Mister Car Wash,895,"8139 Alameda Ave, El Paso, TX 79907",Car wash,ChIJ0efGerZc54YRcXr6pbe5apM
non-carwash-business,Harbor Freight,889,"1309 T P White Dr suite f, Jacksonville, AR 72076",Hardware store|Tool store,ChIJsVMPy_vq0ocR7hRDqIpRQKw
known-tunnel-chain,Mister Car Wash,878,"5375 Olive Dr, Bakersfield, CA 93308",Car wash,ChIJySrTuZFC6oARfe3oOiVG7Bo
known-tunnel-chain,Russell Speeder's Car Wash of Lincoln,878,"5757 S 86th Dr, Lincoln, NE 68526",Car wash,ChIJyastua-XlocRsMlOO2q34PU
known-tunnel-chain,Zips Car Wash,876,"7365 Kingston Pike, Knoxville, TN 37919",Car wash,ChIJW-1vD7okXIgRvR-OrEh-n1c
known-tunnel-chain,Mister Car Wash,872,"6420 N Division St, Spokane, WA 99208",Car wash,ChIJBzNFlFIZnlQROZSA7QGPLZA
known-tunnel-chain,Quick Quack Car Wash,865,"1450 Harrison Rd, Colorado Springs, CO 80905",Car wash|Self service car wash,ChIJd94PTONFE4cRKE_cavPNTto
known-tunnel-chain,Mike's Carwash,853,"6289 Glenway Ave, Cincinnati, OH 45211",Car wash,ChIJT8ou6mfKQYgRKUg1Lt0QGuc
known-tunnel-chain,Take 5 Car Wash,844,"1634 Bessemer Rd, Birmingham, AL 35208",Car wash,ChIJifQjR04fiYgR9wilNekjUmM
known-tunnel-chain,Champion Xpress Carwash,829,"2100 Central Ave SW, Albuquerque, NM 87104",Car wash,ChIJdWX19NQMIocRF9lJ7Qxzi_Q
known-tunnel-chain,Metro Express Car Wash,828,"1725 E Overland Rd, Meridian, ID 83642",Car wash,ChIJW_izwkRRrlQR54CMbh8B7vY
known-tunnel-chain,Champion Xpress Carwash,821,"5101 Lomas Blvd NE, Albuquerque, NM 87110",Car wash,ChIJrV82ByILIocRZQNFdULeTQI
known-tunnel-chain,Moo Moo Express Car Wash,816,"1927 W Henderson Rd, Columbus, OH 43220",Car wash,ChIJOVx-uYSNOIgRvwDp4wht51A
known-tunnel-chain,Mister Car Wash,790,"6237 N Mesa St, El Paso, TX 79912",Car wash,ChIJ78P9QN9X54YRmNdj0thO-EE
known-tunnel-chain,Zips Car Wash,782,"5615 Kingston Pike, Knoxville, TN 37919",Car wash,ChIJuX6IGUojXIgRSsANRfVrgqg
known-tunnel-chain,Whistle Express Car Wash,780,"2888 Mayfield Rd, Cleveland Heights, OH 44118",Car wash,ChIJufp5yDj8MIgRWbq-jNGmIC0
known-tunnel-chain,Mike's Carwash,767,"4605 Marburg Ave, Cincinnati, OH 45209",Car wash,ChIJVSHlFm-tQYgRtfbBOhFyxmI
non-carwash-business,Harbor Freight,759,"340 NE Beacon Dr, Grants Pass, OR 97526",Hardware store|Tool store,ChIJL9Kc3il6xVQRJF7ArbWabAI
known-tunnel-chain,Mike's Carwash,747,"1509 S Calhoun St, Fort Wayne, IN 46802",Car wash,ChIJ442d7_HkFYgRdSHHGi3rk7g
known-tunnel-chain,Mike's Carwash,745,"4020 E State Blvd, Fort Wayne, IN 46815",Car wash,ChIJmb1BXaD8FYgRdDAQL3tW9Rs
known-tunnel-chain,Quick Quack Car Wash,745,"1450 Brady Ln, Ripon, CA 95366",Car wash|Self service car wash,ChIJYSsfwaZFkIARu5BXXuIL044
known-tunnel-chain,Mister Car Wash,741,"2831 Gallatin Pike, Nashville, TN 37216",Car wash,ChIJmyXqKApoZIgRxMU9cTsWbD4
known-tunnel-chain,Mister Car Wash,730,"3516 N Zaragoza Rd, El Paso, TX 79938",Car wash,ChIJU0KouiBH54YRWVYztrpvVQ8
known-tunnel-chain,Silverstar Car Wash,725,"4410 W Crossroads Pl, Sioux Falls, SD 57106",Car wash|Car detailing service|Self service car wash,ChIJX2pkUZjLjocRehIKlsHDszk
known-tunnel-chain,Mike's Carwash,716,"507 Ohio Pike, Cincinnati, OH 45255",Car wash,ChIJaZRGKKSpQYgR4PHD4zt_Wrs
known-tunnel-chain,Mister Car Wash,712,"10685 W Layton Ave, Greenfield, WI 53228",Car wash,ChIJhcRVvVYOBYgRdqHuQZY6mXs
known-tunnel-chain,Mister Car Wash,710,"8950 Dyer St, El Paso, TX 79904",Car wash,ChIJO40UBk9R54YRRew9byR76s4
known-tunnel-chain,Quick Quack Car Wash,709,"1602 S Academy Blvd, Colorado Springs, CO 80916",Car wash|Self service car wash,ChIJ95fWywdFE4cRXAVkIG7U5VM
known-tunnel-chain,Rocket Carwash,682,"2511 S 140th St, Omaha, NE 68144",Car wash|Car detailing service,ChIJySuY_srzk4cRUHC9xisGR20
known-tunnel-chain,Mister Car Wash,680,"7820 Paseo del Norte, El Paso, TX 79912",Car wash,ChIJrTcvHbf53YYRMpatm-4lNHc
known-tunnel-chain,Clean Express Auto Wash,673,"2411 W Laskey Rd, Toledo, OH 43613",Car wash,ChIJ2WWHMCJ_PIgRx-c6wzsbr6I
known-tunnel-chain,Mister Car Wash,661,"1790 S Broadway Ave, Boise, ID 83706",Car wash,ChIJwbmuOkH4rlQR5gawyfiIGJc
known-tunnel-chain,WhiteWater Express Car Wash,659,"3125 Secor Rd, Toledo, OH 43606",Car wash,ChIJWeRgWTt_PIgRYgu0aNbXKNk
known-tunnel-chain,Silverstar Car Wash,651,"4401 E 57th St, Sioux Falls, SD 57108",Car wash|Car detailing service|Self service car wash,ChIJzVWkO7G3jocRWb8eVppG6pQ
known-tunnel-chain,Take 5 Car Wash,650,"4735 Fayetteville Rd, Raeford, NC 28376",Car wash,ChIJYX9m3Ek5q4kRxS_-Lhdoe4c
known-tunnel-chain,Metro Express Car Wash,639,"3673 N Eagle Rd, Meridian, ID 83646",Car wash,ChIJG4Bh9c5VrlQR71h_0pA64yM
non-carwash-business,Harbor Freight,636,"1714 Lincoln Way E, Chambersburg, PA 17202",Hardware store|Tool store,ChIJXXvF5_2eyYkRUTWvN38QWWQ
known-tunnel-chain,Moo Moo Express Car Wash,635,"5160 N High St, Columbus, OH 43214",Car wash,ChIJKZnBdfKMOIgRBLxiwYvpolw
known-tunnel-chain,Champion Xpress Carwash,635,"395 Alameda Blvd NW, Albuquerque, NM 87114",Car wash,ChIJCZMIzHF1IocR3M1SepRd8Ow
known-tunnel-chain,GO Car Wash,630,"501 Matt Loop, Medford, OR 97501",Car wash,ChIJZXZ16gx8z1QRyMMVSzrZr6M
known-tunnel-chain,Mister Car Wash,629,"1990 E 3300 S, Salt Lake City, UT 84106",Car wash,ChIJzSmupclhUocRXTKfz9NnaLU
known-tunnel-chain,Clean Express Auto Wash,628,"3119 Central Park West, Toledo, OH 43617",Car wash,ChIJJwpo-nJ8PIgRX_ochNr8qBY
known-tunnel-chain,Tommy's Express® Car Wash,617,"150 N 70th St, Lincoln, NE 68505",Car wash|Car detailing service,ChIJvdZ19eK9locRPLjdiCsAjXI
known-tunnel-chain,Clean Express Auto Wash,615,"4340 Heatherdowns Blvd, Toledo, OH 43614",Car wash,ChIJ9z3WDdB5PIgRs6ZBiT2YBd0
known-tunnel-chain,Mike's Carwash,600,"10320 Maysville Rd, Fort Wayne, IN 46835",Car wash,ChIJIbbt5oj-FYgR6nPJS2naTGs
known-tunnel-chain,Take 5 Car Wash,595,"19420 Cantrell Rd, Little Rock, AR 72223",Car wash,ChIJ_ST0NCxfzYcRQu7AxhvqHSc
known-tunnel-chain,Quick Quack Car Wash,592,"1009 Jay Ave, McAllen, TX 78504",Car wash|Self service car wash,ChIJKZkTjjKnZYYRcLVFVTLZjiE
known-tunnel-chain,Tommy's Express® Car Wash,573,"4652 Monroe St, Toledo, OH 43623",Car wash|Car detailing service,ChIJXVVL4m5_PIgRZKJWdK1OSpU
known-tunnel-chain,Zips Car Wash,573,"565 S Andover Rd, Andover, KS 67002",Car wash,ChIJvYVv4J75uocRiMSV3dg5OnU
known-tunnel-chain,Mike's Carwash,560,"4010 E Dupont Rd, Fort Wayne, IN 46825",Car wash,ChIJl_L36cAHFogRG1oJezbPSoY
known-tunnel-chain,Crew Carwash,558,"7127 E US Hwy 36, Avon, IN 46123",Car wash,ChIJu1nXxoqvbIgRqAYX4MiEpI8
known-tunnel-chain,GO Car Wash,549,"1190 Chili Ave, Rochester, NY 14624",Car wash,ChIJuaAEF_Kz1okRIuIUejGFx5s
known-tunnel-chain,GO Car Wash,540,"1021 W William Cannon Dr, Austin, TX 78745",Car wash,ChIJT9kTbSdNW4YR4Hs1KnMTqxQ
known-tunnel-chain,Silverstar Car Wash,536,"1221 W 41st St, Sioux Falls, SD 57105",Car wash|Car detailing service|Self service car wash,ChIJu2j1xrW3jocRVP-anTXf48Y
known-tunnel-chain,Quick Quack Car Wash,534,"531 Carolyn Weston Blvd, Stockton, CA 95206",Car wash,ChIJMcWiFksTkIARbeOtzrKcgmQ
known-tunnel-chain,Mister Car Wash,532,"965 Sunland Park Dr, El Paso, TX 79922",Car wash,ChIJk-OPNrj53YYR_lXWsb049zk
known-tunnel-chain,Club Car Wash,531,"1716 W 21st St, Wichita, KS 67203",Car wash,ChIJTW1uNT7huocRuML7O9204Vw
non-carwash-business,Harbor Freight,522,"3233 W Hammer Ln Suite 3, Stockton, CA 95209",Hardware store|Tool store,ChIJaTBODrsJkIARauHfs3__WRU
known-tunnel-chain,Silverstar Car Wash,518,"1500 S Minnesota Ave, Sioux Falls, SD 57105",Car wash|Car detailing service|Self service car wash,ChIJI_BOlPK1jocRpvIaL-RrpcE
known-tunnel-chain,Zips Car Wash,515,"12301 Maumelle Blvd, North Little Rock, AR 72113",Car wash,ChIJZRrSweah0ocRgDPbyASwnbE
known-tunnel-chain,Flash Car Wash,510,"208 Gansett Ave, Cranston, RI 02910",Car wash,ChIJt_QWnmVP5IkRYm9T2SIJfuo
non-carwash-business,O'Reilly Auto Parts,510,"2627 Haley St, Bakersfield, CA 93305",Auto parts store|Auto body parts supplier|Car battery store|Car repair and maintenance service|Car stereo store|Motorcycle parts store|Trailer supply store|Truck accessories store,ChIJ71lzCUJp6oARXYnvif1atTA
known-tunnel-chain,Champion Xpress Carwash,503,"7509 Menaul Blvd NE, Albuquerque, NM 87110",Car wash,ChIJ9TdnKzQLIocR4EtK0l2RacU
known-tunnel-chain,WhiteWater Express Car Wash,491,"3220 Navarre Ave, Oregon, OH 43616",Car wash,ChIJx1hT_EqFO4gRECqFUjUtTjY
known-tunnel-chain,Hoffman Car Wash,479,"302 Columbia Turnpike, Rensselaer, NY 12144",Car wash,ChIJUwYyYRLi3YkR4EDlJvXzZgw
known-tunnel-chain,Waterway Carwash,472,"30299 Chagrin Blvd, Pepper Pike, OH 44124",Car wash,ChIJv0RGZCIDMYgRlkAKURQ_kVs
known-tunnel-chain,Zips Car Wash,443,"1984 Whitten Rd, Memphis, TN 38133",Car wash,ChIJnVmFykGdf4gRlSLQntuW7cE
known-tunnel-chain,Tommy's Express® Car Wash,429,"155 Chicago Dr, Jenison, MI 49428",Car wash|Car detailing service,ChIJW6if9d-7GYgRCBOBJXf5WwY
known-tunnel-chain,Tommy's Express® Car Wash,418,"3655 W Dublin-Granville Rd, Columbus, OH 43235",Car wash|Car detailing service,ChIJYzHsSXGTOIgRZM69reFD7DQ
known-tunnel-chain,GO Car Wash,413,"2827 Olmos Creek Dr, San Antonio, TX 78230",Car wash,ChIJT9w-MfVhXIYRukFBAXK94zs
known-tunnel-chain,GO Car Wash,413,"2912 W Nolana Ave, McAllen, TX 78501",Car wash,ChIJy3gFWrCnZYYRSKJl2PWeD6c
types-not-carwash: tool store|air compressor supplier|electric generator shop|h,Northern Tool + Equipment,410,"10010 I-30, Little Rock, AR 72209",Tool store|Air compressor supplier|Electric generator shop|Hardware store|Home improvement store|Trailer supply store|Welding supply store,ChIJw8P5rvyl0ocRduHJd6w35jk
known-tunnel-chain,Mister Car Wash,408,"160 W Layton Ave, Milwaukee, WI 53207",Car wash,ChIJX4ybT6UXBYgRUkE68xT0aCs
known-tunnel-chain,Mister Car Wash,396,"3333 Merle Hay Rd, Des Moines, IA 50310",Car wash,ChIJVecX5Aad7ocRNHWeyLWKuSQ
known-tunnel-chain,Mike's Carwash,382,"6250 Far Hills Ave, Centerville, OH 45459",Car wash,ChIJyVjv022PQIgRHr2mAEmH8fw
known-tunnel-chain,Zips Car Wash,382,"14021 Cantrell Rd, Little Rock, AR 72223",Car wash,ChIJyZkXG9uh0ocRgbW_JVNxNg8
known-tunnel-chain,Clean Express Auto Wash,373,"12611 Rockside Rd, Garfield Heights, OH 44125",Car wash,ChIJw0YQ_pjjMIgRhxtB8eyLfJc
known-tunnel-chain,Mister Car Wash,356,"1800 Prescott Rd A, Modesto, CA 95350",Car wash,ChIJXQOir9pRkIARUyXYNvKBKIQ
known-tunnel-chain,GO Car Wash,354,"3765 Union Rd, Buffalo, NY 14225",Car wash,ChIJZwnJnOQN04kRD5R0IFkLdj0
known-tunnel-chain,Silverstar Car Wash,353,"8200 W 41st St, Sioux Falls, SD 57106",Car wash|Car detailing service|Self service car wash,ChIJWzOX_C_LjocRlXbP0aV1vmg
known-tunnel-chain,Club Car Wash,352,"2171 N 127th St E, Wichita, KS 67230",Car wash,ChIJWXqEq9b9uocRzeumjO0bpg8
known-tunnel-chain,Flash Car Wash,341,"56 Talcottville Rd, Vernon, CT 06066",Car wash,ChIJTyWkw9D35okRp1PhKLikgVU
known-tunnel-chain,Autobell Car Wash,333,"3633 Savannah Hwy, Johns Island, SC 29455",Car wash,ChIJQYkp9RmH_ogRUObEXR0y9HQ
known-tunnel-chain,Waterway Carwash,332,"10559 Old Olive Street Rd, Creve Coeur, MO 63141",Car wash,ChIJvZEXF-Ay34cRed1ywxgY-hk
known-tunnel-chain,GO Car Wash,319,"1343 Union Rd, West Seneca, NY 14224",Car wash,ChIJvzZ8XT0P04kR_YJ5D20fLRU
known-tunnel-chain,Mister Car Wash,297,"2954 E Whitmore Ave, Ceres, CA 95307",Car wash,ChIJVYya3terkYARiNnrmaV_ZNk
known-tunnel-chain,Whistle Express Car Wash,290,"1325 Folly Rd, Charleston, SC 29412",Car wash,ChIJ8fe9oGx5_ogRM16aqM8uJNU
known-tunnel-chain,Mike's Carwash,283,"1323 S Hurstbourne Pkwy, Louisville, KY 40222",Car wash,ChIJNRFDhSOgaYgR0CZsq2PsaLQ
known-tunnel-chain,Hoffman Car Wash,258,"440 Whiteview Rd, Wynantskill, NY 12198",Car wash|Self service car wash,ChIJwxcbbeQF3okRgAZQ4dmSbAg
known-tunnel-chain,Club Car Wash,253,"3610 N Maize Rd, Wichita, KS 67205",Car wash,ChIJy2_QZH0hu4cRNYStszTdRmo
known-tunnel-chain,Champion Xpress Carwash,252,"2020 Buena Vista Dr SE, Albuquerque, NM 87106",Car wash,ChIJr6DcCRoLIocRsc7aLfLqxPo
known-tunnel-chain,Flash Car Wash,241,"70 Oak St, Glastonbury, CT 06033",Car wash,ChIJZz0Bsq9R5okRj-NWOmEgo9s
known-tunnel-chain,Tommy's Express® Car Wash,229,"6803 Forest Hills Rd, Loves Park, IL 61111",Car wash|Car detailing service,ChIJxdYqbjO9CIgRp5B1bP4LWX8
non-carwash-business,Chevron Car Wash,225,"510 Newhall Dr, San Jose, CA 95110",Car wash,ChIJB6dUdZ_Lj4ARElCrKzlbLXY
known-tunnel-chain,Whistle Express Car Wash,217,"10721 Marlberry Way, North Fort Myers, FL 33917",Car wash,ChIJUbPaSolp24gR7vmsONwnA8M
known-tunnel-chain,Niagara Car Wash,210,"5504 Zuck Rd, Erie, PA 16506",Car wash,ChIJvSFuWz5-MogR9ArVMfXnaeg
known-tunnel-chain,Niagara Car Wash,195,"4076 Buffalo Rd, Erie, PA 16510",Car wash,ChIJSZHU9dd9LYgRNDdahWNEiwo
non-carwash-business,Chevron,182,"125 NE Morgan Ln, Grants Pass, OR 97526",Gas station,ChIJM7puseR5xVQRgiZps2Jk5fo
known-tunnel-chain,Champion Xpress Carwash,180,"540 Warrior Way, Grand Junction, CO 81504",Car wash,ChIJZQGOPawfR4cRKQMC2Lm0mV4
known-tunnel-chain,Flash Car Wash,178,"16 Fenn Rd, Newington, CT 06111",Car wash,ChIJzaLU5XWz54kROB8Z5RNSRms
known-tunnel-chain,Mike's Carwash,172,"2962 Breckenridge Ln, Louisville, KY 40220",Car wash,ChIJ00cWUnkLaYgRATN7D3_1Zl4
known-tunnel-chain,Club Car Wash,161,"3910 S McColl Rd, Edinburg, TX 78539",Car wash,ChIJYTyfPiehZYYRneu0Fg25vTg
non-carwash-business,Ducky’s Express @ Chevron Daly City,133,"410 Hickey Blvd, Daly City, CA 94015",Car wash,ChIJuwz4E-p7j4ARDJeMTVx_pD8
known-tunnel-chain,Niagara Car Wash,129,"2021 E 38th St, Erie, PA 16510",Car wash,ChIJTfmYqB1-LYgRYF5wGqdUrLg
known-tunnel-chain,GO Car Wash,129,"274 N Ross Ln, Medford, OR 97501",Car wash,ChIJY5YDCyp5z1QRn9zzJ4ckYHM
known-tunnel-chain,Clean Express Auto Wash,128,"5918 Dorr St, Toledo, OH 43615",Car wash,ChIJDQQsibZ7PIgRfpBhNxu0hV4
non-carwash-business,Sunoco Car Wash,122,"2212 Gallows Rd, Fairfax, VA 22031",Car wash,ChIJdRg5C1dLtokRBMzNCEbX9tQ
known-tunnel-chain,Metro Express Car Wash,121,"18811 E Appleway Ave, Spokane Valley, WA 99016",Car wash,ChIJtdPagjnfYVMRBTwnNOFR8aI
known-tunnel-chain,Niagara Car Wash,118,"4640 W 12th St, Erie, PA 16505",Car wash,ChIJfaPEk9J-MogRyQK3TD3Nepk
known-tunnel-chain,Niagara Car Wash,118,"4006 W Ridge Rd, Erie, PA 16506",Car wash,ChIJ04fH_ed-MogRbRkCeHdaSLA
types-not-carwash: car detailing service|window tinting service,Elite Detailing Services,118,"800 NE E St, Grants Pass, OR 97526",Car detailing service|Window tinting service,ChIJSfBCryh6xVQRnEabZhYVAlQ
known-tunnel-chain,Flash Car Wash,106,"1697 Hartford Ave, Johnston, RI 02919",Car wash,ChIJyT1eKItH5IkRH_D_zwyCTp0
known-tunnel-chain,Metro Express Car Wash,78,"2120 N Argonne Rd, Spokane Valley, WA 99212",Car wash,ChIJyZ2Rf6QfnlQRumndjkXC5xE
non-carwash-business,Chevron Car Wash,68,"1301 S Winchester Blvd, San Jose, CA 95128",Car wash,ChIJ9VdCKCs1joART2kgBn5QrsY
non-carwash-business,Chevron Car Wash,61,"1625 N McCarthy Blvd, Milpitas, CA 95035",Car wash,ChIJMfXGuL3Ij4ARkcCebfooTW8
known-tunnel-chain,Super Suds Car Wash,53,"3380 University St, Memphis, TN 38127",Self service car wash,ChIJb3Uddfd_f4gRVeXya8P0y4U
non-carwash-business,Costco Car Wash,51,"2955 N Tegner Rd, Turlock, CA 95380",Car wash,ChIJAaWG02YHkYARie4JiVLf5t8
types-not-carwash: car detailing service,Premier Detail and Polish,46,"4495 Table Rock Rd, Central Point, OR 97502",Car detailing service,ChIJu2E2cIZ8z1QR-z0V6RVB8yk
non-carwash-business,shell car wash Soft Machine Wash,38,"5270 Monterey Rd, San Jose, CA 95111",Car wash,ChIJxTw9bAIujoARD1c_IfJY2EM
non-carwash-business,The Loop Carwash with Shell,19,"1800 Powell St, Emeryville, CA 94608",Car wash,ChIJPWhYTvR_hYARRjTrN8zKQz0
non-carwash-business,100th St. Marathon Car Wash,11,"10100 FL-7, Miami, FL 33150, United States",Car wash,ChIJgdYHiL2x2YgRG1M2hU92jGI
types-not-carwash: car detailing service,Hawaiian Stylin',1,"1759 Silva St, Honolulu, HI 96819",Car detailing service,ChIJYcUwzoxvAHwR95A_uu3-868
known-tunnel-chain,WhiteWater Express Car Wash,0,"9235 Westheimer Rd, Houston, TX 77063",Car wash,ChIJUSssmg7DQIYROw70rruWBj8
known-tunnel-chain,Quick Quack Car Wash,0,"9215 West Rd, Houston, TX 77064",Car wash|Self service car wash,ChIJlzhEV97PQIYRaHoECZc670U