name,city,state,chain,trophies,hero,amenities,hours,desc,address,phone,directions,snippets,tss,paintSafe,fails
Yucaipa Shell Touchless Car Wash,Yucaipa,CA,Shell,"Inland Empire, CA #3",ok,true,true,true,true,true,true,8,78,false,"READY"
Krispy Klean Car Wash,Flint,MI,,"Fenton, MI #3",ok,true,true,true,true,true,true,28,67,true,"READY"
Rocket Wash Express,Chapel Hill,NC,,"Graham, NC #2",ok,true,true,true,true,true,true,8,73,false,"READY"
Stow Laserwash,Stow,OH,,"Akron, OH #3",ok,true,true,true,true,true,true,19,95,true,"READY"
Mermaid Car Wash,Mt Holly Springs,PA,,"Carlisle, PA #2",ok,true,true,true,true,true,true,5,60,false,"TSS:60"
DJ's Car Wash - Self Service & Automatic Touch Free or Soft Brush,Punta Gorda,FL,,"Fort Myers, FL #1",ok,true,true,true,true,true,true,16,78,false,"READY"
Gorilla Touchless Car Wash Pearland,Pearland,TX,Gorilla Car Wash,"Houston, TX #2",ok,true,true,true,true,true,true,25,80,true,"READY"
AquaMax Carwash,Harrisburg,PA,,"Harrisburg, PA #3",ok,true,true,true,true,true,true,3,82,false,"READY"
Car wash Touchless &. BP Fuels,Saline,MI,BP,"Adrian, MI #1; Ann Arbor, MI #2",ok,true,true,true,true,true,true,10,89,false,"READY"
Anchor Storage and Carwash,Florence,KY,,"Cincinnati, OH #3",ok,true,true,true,true,true,true,17,88,false,"READY"
Froggy's Car Wash,Summerville,SC,,"Charleston, SC #3",ok,true,true,true,true,true,true,11,65,false,"READY"
Zoom Car Wash,Salisbury,MD,,"Georgetown, DE #1",ok,true,true,true,true,true,true,20,51,false,"TSS:51"
Wave Car Wash II LLC,New Britain,CT,,"Hartford, CT #3",ok,true,true,true,true,true,true,17,68,true,"READY"
Lake Erie Auto Wash,Erie,PA,,"Erie, PA #2",ok,false,true,true,true,true,true,3,82,false,"amenities"
Mobil,Ontario,CA,Mobil,"Inland Empire, CA #2",ok,true,true,true,true,true,true,2,80,false,"snips(2)"
Bay Star Carwash,Houston,TX,,"Houston, TX #3",ok,true,true,true,true,true,true,10,84,false,"READY"
Arctic Blast Touchless Car Wash,Anchorage,AK,,"Anchorage, AK #2",ok,true,true,true,true,true,true,7,81,false,"READY"
Wave Car Wash LLC,Newington,CT,,"Danbury, CT #3",ok,true,true,true,true,true,true,5,87,false,"READY"
Hose It Car Wash,Albuquerque,NM,,"Albuquerque, NM #3",ok,true,true,true,true,true,true,20,80,true,"READY"
Captain Car Wash,Columbus,OH,,"Columbus, OH #1",ok,true,true,true,true,true,true,64,91,true,"READY"
Maddie Mae's Car Wash,Kennesaw,GA,,"Atlanta, GA #3",ok,true,true,true,true,true,true,31,78,true,"READY"
Blue Lagoon Storage and Car Wash,Cedar Rapids,IA,,"Cedar Rapids, IA #1",ok,true,true,true,true,true,true,10,80,false,"READY"
Laserwash of Braker Ln,Austin,TX,,"Austin, TX #3",ok,true,true,true,true,true,true,63,84,true,"READY"
Sudsy Car Wash,Rigby,ID,,"Idaho Falls, ID #2",ok,true,true,true,true,true,true,5,89,false,"READY"
Crown Car Wash and Detailing,Baden,PA,,"Butler, PA #3",ok,true,true,true,true,true,true,3,69,false,"READY"
Main Street LaserWash,Endwell,NY,,"Binghamton, NY #1",ok,true,true,true,true,true,true,11,87,true,"READY"
Royal T Carwash,Derry,NH,,"Haverhill, MA #3",ok,true,true,true,true,true,true,24,72,true,"READY"
Breeze Thru Car Wash - North Loveland,Loveland,CO,,"Fort Collins, CO #3",ok,true,true,true,true,true,true,16,64,false,"READY"
Soapy Jeff's Car Wash,Plano,TX,,"Dallas-Fort Worth, TX #1",ok,true,true,true,true,true,true,13,56,true,"TSS:56"
Ben's ScratchFree CarWash Fort Worth,Fort Worth,TX,,"Fort Worth, TX #1",ok,true,true,true,true,true,true,12,93,true,"READY"
Autorific Self-Service Car Wash,Durham,NC,,"Graham, NC #3; Raleigh-Durham, NC #2",ok,true,true,true,true,true,true,7,68,false,"READY"
Robo Car Wash,Jefferson City,MO,,"Columbia, MO #1",ok,true,true,true,true,true,true,2,80,false,"snips(2)"
Super Shine Car Wash,Marshalltown,IA,,"Des Moines, IA #3",ok,true,true,true,true,true,true,3,84,false,"READY"
Johnny's Markets,Kentwood,MI,,"Grand Rapids, MI #3",ok,true,true,true,true,true,true,3,82,false,"READY"
Carolina Clean Laser Wash,Denton,NC,,"Asheboro, NC #1",ok,true,true,true,true,true,true,4,85,false,"READY"
Freedom Wash,Albuquerque,NM,,"Albuquerque, NM #2",ok,true,true,true,true,true,true,22,86,true,"READY"
Pro-Shine Car Wash,Canton,OH,,"Canton, OH #1",ok,true,true,true,true,true,true,21,90,false,"READY"
Lutz's "Simply Clean" Touch Free Car Wash,Cheektowaga,NY,,"Buffalo, NY #1",ok,true,true,true,true,true,true,25,93,true,"READY"
MI Touchless Car Wash - Pontiac,Pontiac,MI,,"Detroit, MI #3",ok,true,true,true,true,true,true,9,88,true,"READY"
Whata Wash,Newark,NY,,"Finger Lakes, NY #3",ok,true,true,true,true,true,true,9,84,false,"READY"
Northdale,Grand Forks,ND,Northdale Oil,"Grand Forks, ND #1",ok,true,true,true,true,true,true,3,84,false,"READY"
Lil' Donnie Walker's Car Wash,Burlington,NC,,"Graham, NC #1",ok,true,true,true,true,true,true,10,72,false,"READY"
John's Island Car Wash,Johns Island,SC,,"Charleston, SC #2",ok,true,true,true,true,true,true,8,82,false,"READY"
Caribbean Auto Spa,Middlebury,IN,,"Elkhart, IN #3",ok,true,true,true,true,true,true,11,90,true,"READY"
53 Touch-Free Car Wash,Lisle,IL,,"Chicago, IL #1; Elgin, IL #1",ok,true,true,true,true,true,true,49,94,true,"READY"
Al's Auto Spa,Lake Forest,CA,,"Inland Empire, CA #1; Newport Beach, CA #2",ok,true,true,true,true,true,true,18,91,false,"READY"
Scrubby's Car Wash,Clinton Township,MI,,"Detroit, MI #2",ok,true,true,true,true,true,true,30,89,true,"READY"
Coal Creek Car Wash,Erie,CO,,"Denver, CO #2; Longmont, CO #1",ok,true,true,true,true,true,true,19,89,true,"READY"
Evershine Car Wash,Greensboro,NC,,"Greensboro, NC #2",ok,true,true,true,true,true,true,22,82,false,"READY"
Woody's Express Carwash,Cincinnati,OH,,"Cincinnati, OH #1",ok,true,true,true,true,true,true,18,72,true,"READY"
North Andover Car Wash,North Andover,MA,,"Boston, MA #2; Haverhill, MA #2",ok,true,false,true,true,true,true,42,79,true,"hours"
Colonial Car Wash,Albany,NY,,"Albany, NY #3",ok,true,true,true,true,true,true,12,57,true,"TSS:57"
340 Car Wash,Charles Town,WV,,"Charles Town, WV #2",ok,true,true,true,true,true,true,13,49,false,"TSS:49"
IDS Express Car Wash,Spring,TX,,"Houston, TX #1",ok,true,true,true,true,true,true,19,84,true,"READY"
The Bubble Bath Car & Cart Wash,Peachtree City,GA,,"Atlanta, GA #1",ok,true,true,true,true,true,true,38,91,true,"READY"
h2o Auto Spa,Baton Rouge,LA,,"Baton Rouge, LA #1",ok,true,true,true,true,true,true,46,71,false,"READY"
Super Suds Car & Dog Wash,Colorado Springs,CO,,"Colorado Springs, CO #3",ok,true,true,true,true,true,true,53,76,false,"READY"
Petro Serve USA #201,Grand Forks,ND,,"Grand Forks, ND #2",ok,true,true,true,true,true,true,3,85,false,"READY"
Super Wash,Janesville,WI,Super Wash,"Janesville, WI #2",ok,true,true,true,true,true,true,3,84,false,"READY"
Wash Me! Madison Avenue,Loveland,CO,,"Fort Collins, CO #2; Greeley, CO #2",ok,true,true,true,true,true,true,16,84,false,"READY"
First Place Car Wash,Fort Worth,TX,,"Fort Worth, TX #2",ok,true,true,true,true,true,true,36,86,true,"READY"
North Olmsted Laser Wash,North Olmsted,OH,,"Cleveland, OH #1",ok,true,true,true,true,true,true,23,95,true,"READY"
Cliffdale Laser Wash,Fayetteville,NC,,"Fayetteville, NC #1",ok,true,true,true,true,true,true,9,75,false,"READY"
GO Car Wash,Winchester,VA,,"Charles Town, WV #1",ok,true,true,true,true,true,true,44,74,false,"READY"
Camelot Car and Dog Wash,Golden,CO,,"Denver, CO #1",ok,true,true,true,true,true,true,49,87,true,"READY"
North Park Car & Pet Wash,Gibsonia,PA,,"Butler, PA #1; Pittsburgh, PA #3",ok,true,true,true,true,true,true,12,81,true,"READY"
Keystone Car Wash,Chambersburg,PA,,"Chambersburg, PA #3",ok,false,false,true,true,false,true,4,65,false,"amenities,hours"
Adam's Royal Car Wash,Gilbertsville,PA,,"Allentown, PA #3",ok,true,true,true,true,true,true,15,79,true,"READY"
Subway Car Wash,Carlisle,PA,,"Carlisle, PA #1",ok,true,true,true,true,true,true,4,65,false,"READY"
Cascade Car Wash Touchless Automatic - Kettering,Kettering,OH,Cascade Car Wash,"Dayton, OH #3",ok,true,true,true,true,true,true,73,84,true,"READY"
MI Touchless Car Wash - Warren,Warren,MI,,"Detroit, MI #1",ok,true,true,true,true,true,true,16,89,true,"READY"
LaserWash,Asheville,NC,,"Asheville, NC #2",ok,true,true,true,true,false,true,7,75,false,"READY"
American Classic's Car Wash,Osceola,IN,,"Elkhart, IN #2; South Bend, IN #2",ok,true,true,true,true,true,true,34,90,true,"READY"
Route 1 Car Wash,Saugus,MA,,"Boston, MA #1",ok,true,false,true,true,true,true,76,83,true,"hours"
Sheetz Car Wash,Harrisburg,PA,Sheetz,"Harrisburg, PA #2",ok,true,true,true,true,true,true,3,82,false,"READY"
Buckeye Super Wash,Medina,OH,Super Wash,"Akron, OH #2",ok,true,true,true,true,true,true,15,94,true,"READY"
Four Seasons Auto Wash,Florence,KY,,"Cincinnati, OH #2",ok,true,true,true,true,true,true,15,87,false,"READY"
Aqua Spa Car Wash,Hilliard,OH,,"Columbus, OH #3",ok,true,true,true,true,true,true,31,78,true,"READY"
Caribbean Auto Spa,Elkhart,IN,,"Elkhart, IN #1; South Bend, IN #1",ok,true,true,true,true,true,true,20,93,true,"READY"
Nuway Car Wash,Plattsburgh,NY,,"Burlington, VT #1",ok,true,true,true,true,true,true,8,88,true,"READY"
Al's Super Wash | TOUCHLESS Car Wash | Fenton,Fenton,MI,Super Wash,"Fenton, MI #2",ok,true,true,true,true,true,true,24,85,true,"READY"
Kimo's Tropical Car Wash,Reedley,CA,Kimo's Car Wash,"Fresno, CA #2",ok,true,true,true,true,false,true,3,62,false,"READY"
EZ Wash AutoSpa,Quakertown,PA,,"Allentown, PA #1",ok,true,true,true,true,true,true,24,83,true,"READY"
Sully's Car Wash,Wallingford,CT,,"Hartford, CT #2",ok,true,true,true,true,true,true,27,68,true,"READY"
Splash Car Wash llc,Holland,MI,Splash Car Wash,"Grand Rapids, MI #1",ok,true,true,true,true,true,true,29,86,true,"READY"
Alaska Laser Wash,Anchorage,AK,,"Anchorage, AK #3",ok,true,true,true,true,true,true,24,59,true,"TSS:59"
Falls Laserwash,Cuyahoga Falls,OH,,"Akron, OH #1",ok,true,true,true,true,true,true,36,95,true,"READY"
Epic Cascades Carwash,Strasburg,OH,,"Canton, OH #2",ok,true,true,true,true,true,true,6,89,false,"READY"
Crystal Clear Car Wash,Clifton,CO,,"Grand Junction, CO #1",ok,true,true,true,true,true,true,5,89,false,"READY"
Magic Fountain Auto Wash,Britton,MI,,"Adrian, MI #3",ok,true,true,true,true,true,true,4,71,false,"READY"
Clean Enterprises Quarryville Car Wash,Quarryville,PA,,"Coatesville, PA #2",ok,true,true,true,true,true,true,5,86,false,"READY"
Champ Touchless Car Wash,South Burlington,VT,,"Burlington, VT #2",ok,true,true,true,true,true,true,18,83,true,"READY"
Rubber Ducky Car Wash,Solon,IA,,"Cedar Rapids, IA #3",ok,true,true,true,true,true,true,3,42,false,"TSS:42"
Splash Car Wash,Leominster,MA,Splash Car Wash,"Fitchburg, MA #2",MISSING,true,true,true,true,true,true,6,85,false,"hero"
Brassfield Laserwash,Greensboro,NC,,"Greensboro, NC #3",ok,true,true,true,true,true,true,10,80,false,"READY"
Time to Shine Car Wash - Huntingdon,Huntingdon,PA,,"Altoona, PA #1",ok,true,true,true,true,true,true,4,84,false,"READY"
Bud's Car Wash,Bel Air,MD,,"Baltimore, MD #1",ok,true,true,true,true,true,true,28,76,true,"READY"
Super Suds Car Wash & Auto Detailing,Bonita Springs,FL,,"Fort Myers, FL #2",ok,true,true,true,true,true,true,10,80,false,"READY"
Canyon View Express,Grand Junction,CO,,"Grand Junction, CO #3",ok,true,true,true,true,true,true,7,80,false,"READY"
Elkton Car Wash,Elkton,MD,,"Coatesville, PA #3",ok,true,true,true,true,true,true,20,79,false,"READY"
Cooper's Carwash,Monroe,NC,,"Charlotte, NC #2",ok,true,true,true,true,true,true,11,86,false,"READY"
Car Lovers Rio,Charlottesville,VA,,"Charlottesville, VA #1",ok,true,true,true,true,true,true,10,89,true,"READY"
Touchless Carwash,Grants Pass,OR,,"Grants Pass, OR #1",ok,true,false,true,true,false,true,4,62,false,"hours"
Clean N' Shine Car Wash,McHenry,IL,,"Harvard, IL #1; Kenosha, WI #3",ok,true,true,true,true,true,true,17,62,false,"READY"
Buster's Car Wash,Malta,NY,,"Albany, NY #1; Saratoga Springs, NY #1",ok,true,true,true,true,true,true,13,82,true,"READY"
EZ Carwash @ Adrian Image Center,Adrian,MI,,"Adrian, MI #2",ok,true,true,true,true,true,true,5,71,false,"READY"
Province Car And Dog Wash,Aurora,CO,,"Denver, CO #3",ok,true,true,true,true,true,true,18,89,true,"READY"
Galleria Express Car Wash,Charlotte,NC,,"Charlotte, NC #3",ok,true,true,true,true,true,true,43,75,false,"READY"
Soapyshell Carwash - Perry Hall,Nottingham,MD,,"Baltimore, MD #2",ok,true,false,true,true,true,true,13,76,true,"hours"
Whale of a Wash,Albuquerque,NM,,"Albuquerque, NM #1",ok,true,true,true,true,true,true,34,90,true,"READY"
Barn Car Wash,Saugus,MA,,"Boston, MA #3",ok,true,true,true,true,true,true,55,73,true,"READY"
Lowell Express Car Wash & Oil Change,Lowell,MI,,"Grand Rapids, MI #2",ok,true,true,true,true,true,true,18,80,false,"READY"
Pristine Clean Car Wash,Candler,NC,,"Asheville, NC #3",ok,true,true,true,true,true,true,26,55,false,"TSS:55"
aFORDable Touch Free Carwash,Owego,NY,,"Binghamton, NY #3",ok,true,true,true,true,true,true,2,69,false,"snips(2)"
Spirit of America Car Wash,Naperville,IL,,"Elgin, IL #3",ok,true,true,true,true,false,true,37,85,true,"READY"
Self Service CarWash,Atlantic Beach,FL,,"Jacksonville, FL #3",ok,true,true,true,true,true,true,5,84,false,"READY"
SolarShine Express Car Wash,Charlotte,NC,,"Charlotte, NC #1",ok,true,true,true,true,true,true,8,80,true,"READY"
Apex Car Wash,Hamburg,NY,,"Buffalo, NY #2",ok,true,true,true,true,true,true,3,82,false,"READY"
Shiny Car Car Wash,Appleton,WI,,"Appleton-Oshkosh, WI #2",ok,true,true,true,true,true,true,22,65,false,"READY"
Spot Free Rapid Wash,Columbus,OH,,"Columbus, OH #2",ok,true,true,true,true,true,true,9,89,true,"READY"
Go Touch Less Car Wash,Jacksonville,FL,,"Jacksonville, FL #1",ok,true,true,true,true,true,true,61,82,true,"READY"
Big Wave Car Wash,Colorado Springs,CO,,"Colorado Springs, CO #2",ok,true,true,true,true,true,true,52,80,true,"READY"
The Local Car Wash,Asheville,NC,,"Asheville, NC #1",ok,true,true,true,true,true,true,11,90,true,"READY"
Greenhill Car Wash,Georgetown,DE,,"Georgetown, DE #2",ok,true,true,true,true,true,true,10,54,false,"TSS:54"
Auto Wash Car Wash,Canandaigua,NY,,"Finger Lakes, NY #1; Rochester, NY #1",ok,true,true,true,true,true,true,21,87,true,"READY"
Magic Car and Pet Wash -Kingdom City,Kingdom City,MO,,"Columbia, MO #3",ok,true,true,true,true,true,true,4,68,false,"READY"
Autowash @ Thompson Valley Car Wash,Loveland,CO,Autowash,"Fort Collins, CO #1; Greeley, CO #1",MISSING,true,true,true,true,true,true,27,82,true,"hero"
Executive Laser Wash,West Des Moines,IA,Executive Laser Wash,"Des Moines, IA #1",ok,true,true,true,true,false,true,25,87,true,"READY"
Al's Super Wash | TOUCHLESS Car Wash | Dort Hwy,Grand Blanc,MI,Super Wash,"Fenton, MI #1",ok,true,true,true,true,true,true,12,88,true,"READY"
Royal Express Car Wash,Evansville,IN,,"Evansville, IN #3",ok,true,true,true,true,true,true,15,80,false,"READY"
Kwik Trip Car Wash,Eau Claire,WI,Kwik Trip,"Eau Claire, WI #1",MISSING,true,true,true,true,true,true,3,85,false,"hero"
Seaway Carwash and Detail Center,South Burlington,VT,,"Burlington, VT #3",ok,true,true,true,true,true,true,14,64,true,"READY"
Canyon View Car Wash -Grand Junction,Grand Junction,CO,,"Grand Junction, CO #2",ok,true,true,true,true,true,true,13,79,false,"READY"
Performance Plus Quick Oil Change & Car Wash,Coloma,MI,,"Decatur, MI #1",ok,true,true,true,true,true,true,6,59,false,"TSS:59"
Rain Tunnel Wash,Chambersburg,PA,,"Chambersburg, PA #2",ok,true,true,true,true,true,true,12,66,false,"READY"
Gorilla Touchless Car Wash Pflugerville,Pflugerville,TX,Gorilla Car Wash,"Austin, TX #2",ok,true,true,true,true,true,true,63,92,true,"READY"
Splash 24,Canandaigua,NY,Splash Car Wash,"Finger Lakes, NY #2",ok,true,true,true,true,true,true,23,68,true,"READY"
Ellwood Auto Wash,Ellwood City,PA,,"Butler, PA #2",ok,true,true,true,true,true,true,7,86,false,"READY"
Ollie Wash Newburgh,Newburgh,IN,,"Evansville, IN #2",ok,true,true,true,true,true,true,5,86,false,"READY"
Cascade Car Wash Touchless Automatic - Englewood,Englewood,OH,Cascade Car Wash,"Dayton, OH #1",ok,true,true,true,true,true,true,35,94,true,"READY"
Ridgeville Laserwash,North Ridgeville,OH,,"Cleveland, OH #2",ok,true,true,true,true,true,true,23,95,true,"READY"
Wildwood Auto Wash,Jackson,MI,,"Jackson, MI #1",ok,true,true,true,true,true,true,29,85,false,"READY"
Enviro Auto Wash,Endwell,NY,,"Binghamton, NY #2",ok,true,true,true,true,true,true,8,88,false,"READY"
Westdale Car Wash,Cedar Rapids,IA,,"Cedar Rapids, IA #2",ok,false,false,true,true,true,true,3,42,false,"amenities,hours,TSS:42"
Clean-N-Go Car Wash,Franklin,IN,,"Indianapolis, IN #2",ok,true,true,true,true,true,true,22,82,false,"READY"
Soapyshell Carwash - Dundalk,Baltimore,MD,,"Baltimore, MD #3",ok,true,true,true,true,true,true,20,79,false,"READY"
Touch Free Car Wash,Hillside,IL,,"Chicago, IL #3",ok,true,true,true,true,true,true,20,91,true,"READY"
Mr Suds Carwash,Cayce,SC,,"Columbia, SC #2",ok,true,true,true,true,true,true,8,68,false,"READY"
Don's Car Wash,Billings,MT,,"Billings, MT #2",ok,true,true,true,true,true,true,13,78,false,"READY"
Hudson Car Wash LLC,Hudson,NH,,"Fitchburg, MA #3",ok,true,true,true,true,true,true,12,75,false,"READY"
Red Hawk Wash,Milton,WI,,"Janesville, WI #3",ok,true,true,true,true,true,true,5,80,false,"READY"
Spruce Street Car Wash,Elizabethtown,PA,,"Harrisburg, PA #1; Lancaster, PA #2; York, PA #2",ok,true,true,true,true,true,true,8,89,false,"READY"
Tyler Car Wash,St. Charles,IL,,"Elgin, IL #2",ok,true,true,true,true,true,true,44,81,true,"READY"
Big Splash Car Wash,Whiteland,IN,Splash Car Wash,"Indianapolis, IN #1",ok,true,true,true,true,true,true,18,91,false,"READY"
Cat's Car Wash,Norcross,GA,,"Atlanta, GA #2",ok,false,true,true,true,true,true,10,87,true,"amenities"
Outback Auto Wash,Ashtabula,OH,,"Chardon, OH #1",ok,true,true,true,true,true,true,11,81,false,"READY"
Touch-free Car Wash,Westland,MI,,"Ann Arbor, MI #3",ok,true,true,true,true,true,true,30,64,true,"READY"
Rain Tunnel Car Wash,Chambersburg,PA,,"Chambersburg, PA #1",ok,true,true,true,true,true,true,16,73,true,"READY"
Upstate LaserWash,Clifton Park,NY,,"Albany, NY #2; Saratoga Springs, NY #2",ok,true,false,true,true,false,true,9,87,false,"hours"
Magic Mist Auto Wash,Grand Island,NY,,"Buffalo, NY #3",ok,true,true,true,true,true,true,8,86,false,"READY"
Splash n' Dash Car Wash,Bend,OR,,"Bend, OR #1",ok,true,true,true,true,true,true,9,90,false,"READY"
Cascade Car Wash,Springboro,OH,Cascade Car Wash,"Dayton, OH #2",ok,true,true,true,true,false,true,29,92,true,"READY"
Aqua Shine no touch car wash,Waterbury,CT,,"Danbury, CT #1; Hartford, CT #1",ok,true,true,true,true,true,true,23,92,true,"READY"
Erwin Laser Wash,Painted Post,NY,,"Elmira-Corning, NY #1",ok,true,true,true,true,true,true,7,66,false,"READY"
Pit Stop Car Wash,Evansville,IN,,"Evansville, IN #1",ok,true,true,true,true,true,true,11,87,true,"READY"
Black Dog Car Wash,Londonderry,NH,,"Haverhill, MA #1",ok,true,true,true,true,true,true,49,88,true,"READY"
Kimo's Car Wash,Reedley,CA,Kimo's Car Wash,"Fresno, CA #1",ok,true,true,true,true,true,true,6,82,false,"READY"
West Chester Buggy Bath,West Chester,PA,,"Coatesville, PA #1",ok,true,true,true,true,true,true,65,76,true,"READY"
E&M's Family Car Wash,Hudson,NH,,"Fitchburg, MA #1",ok,true,true,true,true,true,true,6,88,false,"READY"
Executive Laser Wash,West Des Moines,IA,Executive Laser Wash,"Des Moines, IA #2",ok,true,true,true,true,false,true,32,88,false,"READY"
Monster Wash,Anchorage,AK,,"Anchorage, AK #1",ok,true,true,true,true,true,true,42,77,true,"READY"
New Wave Wash,Macungie,PA,,"Allentown, PA #2",ok,true,true,true,true,true,true,16,81,true,"READY"
Chardon Auto Spa,Chardon,OH,Super Suds Auto Spa,"Chardon, OH #2",ok,true,true,true,true,true,true,6,89,false,"READY"
Mr Suds Carwash,Columbia,SC,,"Columbia, SC #1",ok,true,true,true,true,true,true,11,92,false,"READY"
Lucky Ducky Car Wash | TOUCHLESS Car Wash | Brighton,Brighton,MI,,"Ann Arbor, MI #1",ok,true,true,true,true,true,true,13,92,true,"READY"
Applegrove Car Wash,North Canton,OH,,"Canton, OH #3",ok,true,true,true,true,true,true,8,87,false,"READY"
Hurricane Bay Carwash,Bardstown,KY,,"Bardstown, KY #1",ok,true,true,true,true,true,true,13,68,false,"READY"
AutoBrite Car Washes, Inc.,Henderson,NC,,"Henderson, NC #1",ok,true,true,true,true,true,true,3,80,false,"READY"
Super Wash,LeClaire,IA,Super Wash,"Clinton, IA #1",ok,true,false,true,true,true,true,2,58,false,"hours,snips(2),TSS:58"
Pony Express Car Wash,Ammon,ID,,"Idaho Falls, ID #1",ok,true,true,true,true,true,true,18,69,true,"READY"
Self Service Auto Wash,Jacksonville Beach,FL,,"Jacksonville, FL #2",ok,true,true,true,true,true,true,9,85,false,"READY"
Wave Car Care Center,Billings,MT,,"Billings, MT #1",ok,true,true,true,true,true,true,19,93,false,"READY"
Squeaky Clean South,Austin,TX,,"Austin, TX #1",ok,true,true,true,true,true,true,38,95,true,"READY"
Westlake Laser Wash,Cleveland,OH,,"Cleveland, OH #3",ok,true,true,true,true,true,true,25,91,true,"READY"
Fleet Farm Car Wash,Appleton,WI,,"Appleton-Oshkosh, WI #1",ok,true,true,true,true,true,true,7,85,false,"READY"
Car Wash,Superior,WI,,"Duluth, MN #1",ok,true,true,true,true,true,true,3,85,false,"READY"
Spotless Carwash,Forest Park,IL,,"Chicago, IL #2",ok,true,true,true,true,true,true,32,93,true,"READY"
Integra Car Wash,Concord,NH,,"Concord, NH #1",ok,true,true,true,true,true,true,26,91,false,"READY"
Mr. Touchless Car Wash,Waterbury,CT,,"Danbury, CT #2",ok,true,true,true,true,true,true,7,84,false,"READY"
Magic Touch Car Wash,El Paso,TX,,"El Paso, TX #1",ok,true,true,true,true,true,true,8,68,false,"READY"
Wash Me! Car Wash,Evans,CO,,"Greeley, CO #3",ok,true,true,true,true,true,true,5,86,false,"READY"
Super Wash,Janesville,WI,Super Wash,"Janesville, WI #1",ok,true,true,true,true,true,true,5,86,false,"READY"
Splash Car Wash,Colorado Springs,CO,Splash Car Wash,"Colorado Springs, CO #1",ok,true,true,true,true,true,true,46,86,true,"READY"
Frog's Car Wash,Erie,PA,,"Erie, PA #1",ok,true,true,true,true,true,true,10,72,false,"READY"
Auto Spa,Erie,PA,,"Erie, PA #3",ok,false,true,true,true,true,true,3,62,false,"amenities"
Evershine Car Wash,Greensboro,NC,,"Greensboro, NC #1",ok,true,true,true,true,true,true,44,82,true,"READY"
The Wash Zone,Ladson,SC,Royal Rinse Car Wash,"Charleston, SC #1",ok,true,true,true,true,true,true,42,58,true,"TSS:58"
Robo Car Wash,Jefferson City,MO,,"Columbia, MO #2",ok,true,true,true,true,true,true,6,73,false,"READY"
Splish Splash Touchless Car Wash,Chippewa Falls,WI,,"Eau Claire, WI #2",ok,true,true,true,true,true,true,4,65,false,"READY"
Autobath Car Wash,Contoocook,NH,,"Concord, NH #2",ok,true,true,true,true,true,true,5,87,false,"READY"
PortSide 5,Fayetteville,AR,,"Fayetteville-Bentonville, AR #2",ok,true,true,true,true,true,true,3,65,false,"READY"
Time To Shine Car Wash,Lewistown,PA,,"State College, PA #1",ok,true,true,true,true,true,true,5,87,false,"READY"
Xtreme Clean Auto Wash,Portage,MI,,"Kalamazoo, MI #3",ok,true,true,true,true,true,true,24,74,true,"READY"
Laziboy Car Wash & Mobile Detailing,Plymouth,WI,,"Sheboygan, WI #1",ok,true,true,true,true,true,true,5,82,false,"READY"
Hidden Cove Car Wash,Layton,UT,,"Salt Lake City, UT #3",ok,true,true,true,true,true,true,21,84,true,"READY"
Suds it Up Car Wash,Bradenton,FL,,"Sarasota, FL #1",ok,true,true,true,true,true,true,15,68,false,"READY"
Kittery Car Wash,Kittery,ME,,"Sanford, ME #2",ok,true,true,true,true,true,true,5,86,false,"READY"
Garibaldi Car Wash,Garibaldi,OR,,"Tillamook, OR #1",ok,true,true,true,true,true,true,4,87,false,"READY"
Hangry Planet,San Bruno,CA,,"San Francisco, CA #2",ok,true,true,true,true,true,true,2,82,false,"snips(2)"
Portside Carwash,Fayetteville,AR,,"Fayetteville-Bentonville, AR #3",ok,true,true,true,true,true,true,10,57,false,"TSS:57"
Nifty Car Wash,Perrysburg,OH,,"Toledo, OH #2",ok,true,false,true,true,false,true,4,71,false,"hours"
Shine On Auto Wash Touchless Automatic,Warwick,RI,,"Providence, RI #2",ok,true,true,true,true,true,true,18,87,false,"READY"
Washie Car Wash - Touchless and Self Service,Orlando,FL,,"Orlando, FL #2",ok,true,true,true,true,true,true,47,92,false,"READY"
Brown Bear Car Wash,Spokane Valley,WA,Brown Bear,"Spokane, WA #2",ok,true,true,true,true,true,true,32,68,true,"READY"
Super Klean Car Wash,Broken Arrow,OK,Super Klean Car Wash,"Tulsa, OK #3",ok,true,true,true,true,true,true,17,82,false,"READY"
Murray Car Wash,Murray,UT,,"Salt Lake City, UT #1",ok,true,true,true,true,true,true,20,94,true,"READY"
Solum Car Wash,New Richmond,WI,,"New Richmond, WI #2",ok,true,true,true,true,true,true,9,61,false,"TSS:61"
Twin Star Car Wash,Snoqualmie,WA,,"Seattle, WA #3",ok,true,true,true,true,true,true,40,83,true,"READY"
Dr Spotless Car Wash,Kansas City,MO,,"Kansas City, MO #2",ok,true,true,true,true,true,true,16,76,true,"READY"
Thunder Auto Wash,Oklahoma City,OK,,"Oklahoma City, OK #1",ok,true,true,true,true,true,true,19,94,true,"READY"
Gorilla Touchless Car Wash San Antonio,San Antonio,TX,Gorilla Car Wash,"San Antonio, TX #1",ok,true,true,true,true,true,true,44,83,true,"READY"
North Country Car Wash,Gardiner,ME,,"Lewiston, ME #2",ok,true,true,true,true,true,true,14,78,true,"READY"
BP Gas Station Laser Touchless Car Wash,Milwaukee,WI,BP,"Milwaukee, WI #2",ok,true,false,true,true,false,true,13,93,false,"hours"
Splash Car Wash @ TPC,San Antonio,TX,Splash Car Wash,"San Antonio, TX #2",ok,true,true,true,true,true,true,18,86,true,"READY"
Rocket Carwash,Temecula,CA,,"Temecula, CA #2",ok,true,true,true,true,true,true,25,86,false,"READY"
Wash N Go,Carson City,NV,,"Reno, NV #3",ok,true,true,true,true,true,true,8,75,false,"READY"
Finishline Car Wash,Mooresville,NC,,"Statesville, NC #1",ok,true,true,true,true,true,true,16,84,false,"READY"
Route 5 Car Wash,Palisades Park,NJ,,"New York City, NY #3; Northern NJ #3",ok,true,true,true,true,true,true,14,85,false,"READY"
Super Wash,Bradley,IL,Super Wash,"Joliet, IL #1",ok,true,true,true,true,true,true,4,84,false,"READY"
Pro Clean Carwash, LLC,Kalispell,MT,,"Kalispell, MT #1",ok,true,true,true,true,true,true,10,73,false,"READY"
Ginger's Car Wash,Westerly,RI,,"Norwich, CT #2",ok,true,true,true,true,true,true,12,79,false,"READY"
SPOTLESS CAR WASH,Orlando,FL,,"Orlando, FL #1",ok,true,true,true,true,true,true,20,89,true,"READY"
Willamette Car Wash,West Linn,OR,,"Portland, OR #3",ok,true,true,true,true,true,true,29,82,false,"READY"
Clementine's Carwash,La Grange,KY,,"Louisville, KY #2",ok,true,true,true,true,true,true,33,86,true,"READY"
A-1 Car Wash touchless 24 HOUR,Dartmouth,MA,,"Providence, RI #3",ok,true,true,true,true,false,true,14,91,false,"READY"
Phoenixville Buggy Bath,Phoenixville,PA,,"Philadelphia, PA #1",ok,true,true,true,true,true,true,55,95,true,"READY"
AutoSpa Central Washington,Yakima,WA,,"Portland, OR #1",ok,true,true,true,true,true,true,20,68,true,"READY"
Drive & Shine Car Wash,South Bend,IN,Drive & Shine,"South Bend, IN #3",ok,true,true,true,true,true,true,10,82,true,"READY"
Kwik Trip,WEST SALEM,WI,Kwik Trip,"La Crosse, WI #1",ok,true,true,true,true,true,true,3,84,false,"READY"
O.C. Express Car Wash,Buena Park,CA,,"Los Angeles, CA #2",ok,true,true,true,true,true,true,52,83,true,"READY"
Bubbles Auto Wash,Fort Pierce,FL,,"Stuart, FL #1",ok,true,true,true,true,true,true,11,57,false,"TSS:57"
Premier 7 Car Wash,Newport Beach,CA,,"Newport Beach, CA #1",ok,true,true,true,true,true,true,27,87,true,"READY"
Washville Car Wash,Somersworth,NH,,"Sanford, ME #3",ok,true,true,true,true,true,true,11,69,false,"READY"
Tornado Wash,La Vista,NE,,"Omaha, NE #2",ok,true,true,true,true,true,true,42,82,true,"READY"
Superwash Montana,Kalispell,MT,,"Kalispell, MT #2",ok,true,true,true,true,true,true,4,65,false,"READY"
Shell,Portland,MI,Shell,"Lansing, MI #2",ok,true,true,true,true,true,true,2,80,false,"snips(2)"
Super Wash,Moline,IL,Super Wash,"Quad Cities, IA-IL #1",MISSING,true,true,true,true,true,true,3,82,false,"hero"
Batter Up Car Wash,Granite City,IL,,"St. Louis, MO #3",ok,true,true,true,true,true,true,10,86,false,"READY"
Decatur Autowash,North Las Vegas,NV,Autowash,"Las Vegas, NV #2",ok,true,true,true,true,true,true,41,72,true,"READY"
North Penn Car Wash,Oklahoma City,OK,,"Oklahoma City, OK #3",ok,true,true,true,true,false,true,20,85,true,"READY"
Car Wash in Downey,Downey,CA,,"Los Angeles, CA #1",ok,true,true,true,true,true,true,13,89,true,"READY"
Mission Gorge Car Wash,San Diego,CA,,"San Diego, CA #2",ok,true,true,true,true,true,true,35,76,false,"READY"
Sunrise High Performance Car Wash,Port Huron,MI,,"Richmond, MI #1",ok,true,true,true,true,true,true,10,78,false,"READY"
Harper Auto Wash - Parkside,Knoxville,TN,,"Knoxville, TN #1",ok,true,true,true,true,true,true,16,78,true,"READY"
Royal Rinse Car Wash,Colonial Heights,VA,Royal Rinse Car Wash,"Richmond, VA #3",ok,true,true,true,true,true,true,7,81,false,"READY"
Car Wash,Miami,FL,,"Miami, FL #1",ok,true,false,true,true,false,true,6,82,false,"hours"
Jojo's Car Wash,Papillion,NE,,"Omaha, NE #3",ok,true,true,true,true,false,true,15,90,false,"READY"
Swift Shine Car Wash,Blue Springs,MO,,"Kansas City, MO #3",ok,true,true,true,true,true,true,14,76,true,"READY"
EZ Breezy Car Wash,Mt Pleasant,PA,,"Uniontown, PA #1",ok,true,true,true,true,true,true,10,90,false,"READY"
Laser Car Wash,Milford,IA,,"Milford, IA #1",ok,true,true,true,true,false,true,2,82,false,"snips(2)"
Sunshine Car Wash - Court St,Clearwater,FL,,"Tampa, FL #2",ok,true,true,true,true,true,true,26,81,true,"READY"
Salty Dog Car Wash - N Dixie,New Smyrna Beach,FL,Salty Dog Car Wash,"New Smyrna Beach, FL #3",ok,true,true,true,true,true,true,4,80,false,"READY"
Classy Chassis Car Wash,Lakewood,WA,,"Tacoma, WA #2",ok,true,true,true,true,true,true,38,69,true,"READY"
Shine On Auto Wash Touchless Automatic,East Providence,RI,,"Providence, RI #1",ok,true,true,true,true,true,true,28,88,true,"READY"
Southside Carwash,Lincoln,NE,,"Lincoln, NE #1",ok,true,true,true,true,true,true,30,68,true,"READY"
Follow Charlie Car Wash,Johnstown,PA,,"Johnstown, PA #1",ok,true,true,true,true,true,true,22,66,true,"READY"
Super Klean Car Wash Bixby,Bixby,OK,Super Klean Car Wash,"Tulsa, OK #1",ok,true,true,true,true,true,true,20,91,true,"READY"
Kwik Trip,MANKATO,MN,Kwik Trip,"Mankato, MN #1",MISSING,true,true,true,true,true,true,3,62,false,"hero"
American Pride Car Wash,Knightdale,NC,,"Raleigh-Durham, NC #3",ok,true,true,true,true,true,true,4,68,false,"READY"
Squeaky's Car Wash,Spokane Valley,WA,,"Spokane, WA #1",ok,true,true,true,true,true,true,38,94,true,"READY"
Liberty Car Wash,Mansfield,OH,,"Mount Vernon, OH #3",ok,true,true,true,true,true,true,7,59,false,"TSS:59"
Grand Prix Auto Wash of Meadowbridge,Mechanicsville,VA,,"Richmond, VA #1",ok,true,true,true,true,true,true,23,75,true,"READY"
Wash Time Car Wash II,Hayward,CA,,"San Francisco, CA #1",ok,true,true,true,true,true,true,33,72,true,"READY"
Scotty's Car Wash,Henderson,NV,,"Las Vegas, NV #3",ok,true,true,true,true,false,true,38,61,true,"TSS:61"
Quick Car Wash II,Sparks,NV,,"Reno, NV #1",ok,true,true,true,true,true,true,17,93,false,"READY"
Express Car Wash,Frankfort,KY,,"Lexington, KY #3",ok,true,true,true,true,true,true,7,78,false,"READY"
Waterfly Car Wash,Sacramento,CA,,"Sacramento, CA #3",ok,true,true,true,true,true,true,12,82,false,"READY"
Watermill Auto & Pet Wash - 1340 S 96th St, Louisville,Louisville,CO,,"Longmont, CO #2",ok,true,true,true,true,true,true,20,86,true,"READY"
Ultimate Express Car Wash,Layton,UT,,"Salt Lake City, UT #2",ok,true,true,true,true,true,true,20,83,true,"READY"
Dawson Oil Company - Car Wash,Rocklin,CA,,"Sacramento, CA #1",ok,true,false,true,true,true,true,13,92,true,"hours"
Auto Wash Express - Catalina,Catalina,AZ,,"Tucson, AZ #2",ok,true,true,true,true,true,true,12,51,false,"TSS:51"
Jesse’s car wash n Salina blvd,Syracuse,NY,,"Syracuse, NY #2",ok,true,true,true,true,true,true,7,76,false,"READY"
CC's Touchless and Self Serve Car Wash,Pine Hill,NJ,CC's Touchless Car Wash,"Philadelphia, PA #3",ok,true,true,true,true,true,true,10,87,true,"READY"
Xtreme Clean Auto Wash,Kalamazoo,MI,,"Kalamazoo, MI #1",ok,true,true,true,true,true,true,21,83,true,"READY"
Chevron,Chula Vista,CA,Chevron,"San Diego, CA #3",ok,true,true,true,true,true,true,4,65,false,"READY"
The Myrtle Wash,Brooklyn,NY,,"New York City, NY #1; Northern NJ #1",ok,true,true,true,true,true,true,21,89,true,"READY"
Chaska Car Wash,Chaska,MN,,"Minneapolis-St. Paul, MN #1",ok,true,true,true,true,true,true,26,85,false,"READY"
Hamilton Touchless,Sioux City,IA,,"Sioux City, IA #1",ok,true,true,true,true,true,true,6,85,false,"READY"
Laser Wash of Dunn,Dunn,NC,,"Lillington, NC #1",ok,true,false,true,true,false,true,6,63,false,"hours"
UNITED CAR WASH LAKE OSWEGO,Lake Oswego,OR,,"Portland, OR #2",ok,true,true,true,true,true,true,47,80,false,"READY"
Hy-Vee Car Wash,Lincoln,NE,Hy-Vee,"Lincoln, NE #2",ok,true,true,true,true,true,true,6,68,false,"READY"
Mobil "Touchless" Car Wash,Macomb,MI,Mobil,"Richmond, MI #2",ok,true,true,true,true,true,true,4,71,false,"READY"
Turn 4 Car Wash,Marinette,WI,,"Sturgeon Bay, WI #1",ok,true,true,true,true,true,true,5,78,false,"READY"
Gerber Car Wash,Kenosha,WI,,"Kenosha, WI #2",ok,true,true,true,true,true,true,14,84,false,"READY"
Soapy Joe's Car Wash - E Valley Pkwy, Escondido,Escondido,CA,,"Oceanside-Carlsbad, CA #2",ok,true,true,true,true,true,true,15,80,false,"READY"
Hurricane Carwash South,Carthage,MO,,"Joplin, MO #3",ok,true,true,true,true,true,true,3,58,false,"TSS:58"
Klean Freak Car Wash,Silverdale,WA,,"Seattle, WA #2",ok,true,true,true,true,true,true,60,84,true,"READY"
Shine Brite Car Wash,Ashland City,TN,,"Nashville, TN #3",ok,true,true,true,true,true,true,5,77,false,"READY"
Excel Car Wash,Tyler,TX,,"Tyler, TX #1",ok,true,true,true,true,true,true,2,82,false,"snips(2)"
Automatic Touchless Car Wash,Stuart,FL,,"Stuart, FL #2",ok,true,true,true,true,true,true,7,51,false,"TSS:51"
Elephant Touchless Car Wash,Medical Lake,WA,Elephant Car Wash,"Spokane, WA #3",ok,true,true,true,true,true,true,6,86,false,"READY"
Rapid Car Wash,Rochester,NY,,"Rochester, NY #2",ok,true,true,true,true,true,true,23,76,true,"READY"
Splash Car Wash,Jacksonville,AR,Splash Car Wash,"Little Rock, AR #2",ok,true,true,true,true,true,true,4,82,false,"READY"
Scrub Co Car Wash,Port Ewen,NY,,"Poughkeepsie, NY #1",ok,true,true,true,true,true,true,14,85,false,"READY"
Caz Car Wash,Cazenovia,NY,,"Syracuse, NY #3",ok,true,true,true,true,true,true,5,73,false,"READY"
Park Place Car Wash & Detail,Encinitas,CA,,"Oceanside-Carlsbad, CA #1; San Diego, CA #1",ok,true,true,true,true,true,true,14,80,true,"READY"
Royal Ozarks Car Wash,St Charles,MO,,"St. Louis, MO #1",ok,true,true,true,true,true,true,14,89,false,"READY"
Lindsay Carwash,Mesa,AZ,,"Phoenix, AZ #2",ok,true,true,true,true,true,true,36,90,true,"READY"
Dazzler's Car Wash,Missoula,MT,,"Missoula, MT #1",ok,true,true,true,true,true,true,15,94,true,"READY"
Vegas Suds Carwash,Las Vegas,NV,,"Las Vegas, NV #1",ok,true,true,true,true,true,true,30,71,true,"READY"
Kickin Mule Car Wash,Lambertville,MI,,"Toledo, OH #1",ok,true,true,true,true,true,true,7,86,false,"READY"
All American Car Wash,Gretna,LA,,"New Orleans, LA #1",ok,true,true,true,true,false,true,4,42,false,"TSS:42"
Troy's Finest Car & Pet Wash,Troy,IL,,"St. Louis, MO #2",ok,true,true,true,true,true,true,11,84,false,"READY"
Splash Time Car Wash,North Little Rock,AR,,"Little Rock, AR #1",ok,true,true,true,true,true,true,7,85,false,"READY"
Black Dog Car Wash,Belmont,NH,,"Laconia, NH #1",ok,true,true,true,true,true,true,41,97,true,"READY"
Oasis Auto Spa Car Wash & Coin Laundry,Joplin,MO,,"Joplin, MO #1",ok,true,true,true,true,true,true,7,64,false,"READY"
Auto Worx Auto Wash,Raleigh,NC,,"Raleigh-Durham, NC #1",ok,true,true,true,true,true,true,27,71,false,"READY"
St. Croix Car Wash,Oak Park Heights,MN,,"Minneapolis-St. Paul, MN #3",ok,true,true,true,true,true,true,3,84,false,"READY"
Wash Station,Wauwatosa,WI,,"Milwaukee, WI #3",ok,true,true,true,true,true,true,16,85,false,"READY"
Wash World Car Wash,Owasso,OK,,"Tulsa, OK #2",ok,true,true,true,true,true,true,6,86,false,"READY"
New England Touchless Car Wash,Brunswick,ME,,"Lewiston, ME #1",ok,true,true,true,true,true,true,14,85,true,"READY"
Rice Street Car Wash,St Paul,MN,,"Minneapolis-St. Paul, MN #2",ok,true,true,true,true,true,true,21,83,false,"READY"
Shammy's Auto Wash,Lexington,KY,,"Lexington, KY #2",ok,true,true,true,true,true,true,53,85,true,"READY"
Salty Dog Car Wash - S Nova,Daytona Beach,FL,Salty Dog Car Wash,"New Smyrna Beach, FL #2",ok,true,true,true,true,true,true,9,91,false,"READY"
TouchFree Automatic Car Wash,Tampa,FL,,"Tampa, FL #3",ok,true,true,true,true,true,true,49,83,true,"READY"
Royal Wash,Faribault,MN,,"Owatonna, MN #1",ok,true,true,true,true,true,true,4,86,false,"READY"
Clementine's Carwash,Louisville,KY,,"Louisville, KY #1",ok,true,true,true,true,true,true,21,93,true,"READY"
Tom's Carwash,Royersford,PA,,"Philadelphia, PA #2",ok,true,true,true,true,true,true,13,93,true,"READY"
Splash Car Wash,Missoula,MT,Splash Car Wash,"Missoula, MT #2",ok,true,true,true,true,true,true,9,86,true,"READY"
Touchless Automatic Car Wash,Oklahoma City,OK,,"Oklahoma City, OK #2",ok,true,true,true,true,false,true,19,90,true,"READY"
76,Penryn,CA,76,"Sacramento, CA #2",ok,true,true,true,true,true,true,3,80,false,"READY"
Star-Brite Car Wash and Lube Center,Mt Vernon,OH,,"Mount Vernon, OH #1",ok,true,true,true,true,true,true,7,82,false,"READY"
Pit Stop Touch Free Car Wash,Milwaukee,WI,,"Milwaukee, WI #1",ok,true,true,true,true,true,true,27,96,true,"READY"
Spritz Car Wash,Glenville,NY,Spritz Car Wash,"Saratoga Springs, NY #3",ok,true,true,true,true,true,true,18,68,false,"READY"
Clean Getaway Auto Wash,Nashville,TN,,"Nashville, TN #1",ok,true,true,true,true,false,true,10,92,false,"READY"
Autowash @ Longmont Car Wash,Longmont,CO,Autowash,"Longmont, CO #3",MISSING,true,true,true,true,true,true,36,86,true,"hero"
Kwik Trip,SUN PRAIRIE,WI,Kwik Trip,"Madison, WI #1",ok,true,true,true,true,true,true,5,72,false,"READY"
Wild Wild Wash,Reno,NV,,"Reno, NV #2",ok,true,true,true,true,true,true,4,80,false,"READY"
Foam and Wash Car Wash,Fishkill,NY,Foam & Wash,"Poughkeepsie, NY #3",ok,true,true,true,true,true,true,7,85,false,"READY"
Foam & Wash Car Wash,Fishkill,NY,Foam & Wash,"Poughkeepsie, NY #2",ok,true,true,true,true,true,true,23,67,true,"READY"
Zaug Wash,Rapid City,SD,,"Rapid City, SD #1",ok,true,true,true,true,true,true,25,89,true,"READY"
MegaWash,Ashland,VA,,"Richmond, VA #2",ok,true,true,true,true,true,true,13,85,false,"READY"
Jimmy's Ultra Express Car Wash,Murrieta,CA,,"Temecula, CA #1",ok,true,true,true,true,true,true,14,66,true,"READY"
Touchless Car Wash,Santa Clara,CA,,"San Jose, CA #1",ok,true,true,true,true,false,true,91,84,true,"READY"
National Pride Car Wash on 39th,Kenosha,WI,,"Kenosha, WI #1",ok,true,true,true,true,true,true,13,91,false,"READY"
Sonic Wave Car Wash Blairsville,Blairsville,PA,,"Johnstown, PA #2",ok,true,true,true,true,true,true,2,62,false,"snips(2)"
Aqua-Tech Car Wash,Davenport,IA,,"Quad Cities, IA-IL #3",ok,true,true,true,true,true,true,19,64,false,"READY"
Spot Free Car Wash - Monrovia,Monrovia,CA,,"Los Angeles, CA #3",ok,true,true,true,true,true,true,7,85,true,"READY"
Auto Wash Express,Tucson,AZ,,"Tucson, AZ #1",ok,true,true,true,true,true,true,10,48,false,"TSS:48"
Aqua Jet Car Wash of Cheswick,Cheswick,PA,,"Pittsburgh, PA #1",ok,true,false,true,true,true,true,20,90,true,"hours"
Valley Suds Touchless & Self Serv Car Wash,Centuria,WI,,"New Richmond, WI #3",ok,true,true,true,true,false,true,3,62,false,"READY"
Classy Chassis Self-Serve Car Wash - Sprague Ave,Tacoma,WA,,"Seattle, WA #1; Tacoma, WA #1",ok,true,true,true,true,true,true,42,85,true,"READY"
Fast Auto Wash,Sioux Falls,SD,,"Sioux Falls, SD #2",ok,true,true,true,true,true,true,6,85,false,"READY"
Hurricane Carwash Webb City,Webb City,MO,,"Joplin, MO #2",ok,true,true,true,true,true,true,6,62,false,"READY"
OTTO Car Wash,Kansas City,MO,,"Kansas City, MO #1",ok,true,false,true,true,true,true,25,95,true,"hours"
Kwik Trip,PRINCETON,MN,Kwik Trip,"North Branch, MN #1",MISSING,true,true,true,true,true,true,2,80,false,"hero,snips(2)"
Gary Rome Car Wash,Holyoke,MA,,"Northampton, MA #2",ok,true,true,true,true,true,true,12,81,false,"READY"
U-Wash Car Wash,Nashville,TN,,"Nashville, TN #2",ok,true,true,true,true,false,true,18,62,true,"READY"
1st Class Car Wash,Burien,WA,,"Tacoma, WA #3",ok,true,true,true,true,true,true,9,74,false,"READY"
Salty Dog Car Wash - E New York,DeLand,FL,Salty Dog Car Wash,"New Smyrna Beach, FL #1",ok,true,true,true,true,true,true,13,86,true,"READY"
The Wave Auto Wash,Sioux Falls,SD,,"Sioux Falls, SD #1",ok,true,true,true,true,false,true,17,89,true,"READY"
Bloomingdale Self-Serve Car Wash,Bloomingdale,NJ,,"New York City, NY #2; Northern NJ #2",ok,true,true,true,true,true,true,25,73,true,"READY"
Motor City Auto Wash,Phoenix,AZ,,"Phoenix, AZ #3",ok,true,true,true,true,true,true,63,91,true,"READY"
The Wash Lab LLC,Bentonville,AR,,"Fayetteville-Bentonville, AR #1",ok,true,true,true,true,false,true,7,80,false,"READY"
Car Wash City,Springfield,IL,,"Springfield, IL #1",ok,true,true,true,true,true,true,4,56,false,"TSS:56"
Bernard's Chevron Touchless Car Wash,Livermore,CA,Chevron,"San Francisco, CA #3",ok,true,true,true,true,true,true,14,80,false,"READY"
Lucky Ducky Car Wash | TOUCHLESS Car Wash | Lansing,Lansing,MI,,"Lansing, MI #1",ok,true,true,true,true,true,true,25,93,false,"READY"
Wash World Car Wash,Boalsburg,PA,,"State College, PA #2",ok,true,true,true,true,true,true,5,84,false,"READY"
Klean Ride Touchless and Self-Sevice Car Wash,San Antonio,TX,,"San Antonio, TX #3",ok,true,true,true,true,true,true,16,90,false,"READY"
Touch Free Car Wash,Miami,FL,,"Miami, FL #3",ok,true,true,true,true,false,true,7,70,false,"READY"
Shammys Auto Wash,Owensboro,KY,,"Owensboro, KY #2",ok,true,true,true,true,true,true,7,75,false,"READY"
Tornado Car Wash,Omaha,NE,,"Omaha, NE #1",ok,true,true,true,true,true,true,57,85,true,"READY"
Port City Touchless Car Wash,Portsmouth,NH,,"Sanford, ME #1",ok,true,true,true,true,true,true,22,82,true,"READY"
Kwik Shine Car Wash - TOUCHLESS car wash,Ephrata,PA,,"Lancaster, PA #3",ok,true,true,true,true,true,true,22,85,false,"READY"
WAVE'S Carwash,McKees Rocks,PA,,"Pittsburgh, PA #2",ok,true,true,true,true,true,true,16,84,true,"READY"
Blue Tide Car Wash - Touchless,Sioux Falls,SD,Blue Tide Car Wash,"Sioux Falls, SD #3",ok,true,true,true,true,true,true,3,85,false,"READY"
Mobil,Fort Lauderdale,FL,Mobil,"Miami, FL #2",ok,true,true,true,true,true,true,3,72,false,"READY"
RiverFront Detail and WiggyWash of Arkansas,Little Rock,AR,,"Little Rock, AR #3",ok,true,true,true,true,true,true,7,73,false,"READY"
Phil Dean's Car Wash,St. Petersburg,FL,,"Tampa, FL #1",ok,true,true,true,true,true,true,26,87,true,"READY"
Magic Wash Inc,Middleton,WI,,"Madison, WI #2",ok,true,true,true,true,true,true,23,58,false,"TSS:58"
Our Town Car Wash,South Hadley,MA,,"Northampton, MA #3",ok,true,false,true,true,true,true,3,82,false,"hours"
Ride With Pride Carwash 2,Taylorsville,NC,,"Statesville, NC #2",ok,true,true,true,true,true,true,2,69,false,"snips(2)"
Mocksville Auto Pride Carwash,Mocksville,NC,Royal Rinse Car Wash,"Statesville, NC #3",ok,true,true,true,true,true,true,10,64,false,"READY"
Biddeford Auto Wash,Biddeford,ME,,"Portland, ME #1",ok,true,true,true,true,true,true,23,73,false,"READY"
Hartwell Car Wash,Rock Island,IL,,"Quad Cities, IA-IL #2",ok,true,true,true,true,true,true,10,76,false,"READY"
Max Car Wash,Fallbrook,CA,Max Car Wash,"Oceanside-Carlsbad, CA #3; Temecula, CA #3",ok,true,true,true,true,true,true,15,65,false,"READY"
Rapid Car Wash,Victor,NY,,"Rochester, NY #3",ok,true,true,true,true,true,true,12,74,false,"READY"
Diamond Sparkle Car Wash,Colchester,CT,,"Norwich, CT #3",ok,true,true,true,true,true,true,14,48,true,"TSS:48"
Doyle's Car Wash,Turners Falls,MA,,"Northampton, MA #1",ok,true,true,true,true,true,true,6,84,false,"READY"
Magic Sparkle Automatic and Self-Serve Car Wash,Louisville,KY,,"Louisville, KY #3",ok,true,true,true,true,true,true,15,80,true,"READY"
Sundance Car Wash,Leola,PA,,"Lancaster, PA #1",ok,true,true,true,true,true,true,8,90,false,"READY"
Xtreme Clean Auto Wash,Kalamazoo,MI,,"Kalamazoo, MI #2",ok,true,true,true,true,true,true,25,82,true,"READY"
New Richmond Car Wash,New Richmond,WI,,"New Richmond, WI #1",ok,true,true,true,true,true,true,2,80,false,"snips(2)"
Grand Express Wash,Peoria,AZ,,"Phoenix, AZ #1",ok,true,true,true,true,true,true,24,88,true,"READY"
Spit Shine Car Wash,Nicholasville,KY,,"Lexington, KY #1",ok,true,true,true,true,false,true,12,91,true,"READY"
Uncasville Quick Lube & Car Wash,Uncasville,CT,,"Norwich, CT #1",ok,true,true,true,true,true,true,20,88,false,"READY"
Niagara Car Wash,Baldwinsville,NY,,"Syracuse, NY #1",ok,true,true,true,true,true,true,14,92,false,"READY"
Edison Car Wash,Edison,OH,,"Mount Vernon, OH #2",ok,true,true,true,true,false,true,4,82,false,"READY"
Shammy's Auto Wash,Owensboro,KY,,"Owensboro, KY #1",ok,true,true,true,true,true,true,14,93,true,"READY"
Buggy Bath Car Wash,Anderson,IN,,"Muncie, IN #1",ok,true,true,true,true,true,true,19,81,false,"READY"
Roger's Laser Wash,New Hartford,NY,,"Utica-Rome, NY #1",ok,true,true,true,true,true,true,12,92,false,"READY"
Classic Touch Express Car Wash,Winston-Salem,NC,,"Winston-Salem, NC #1",ok,true,true,true,true,true,true,7,80,true,"READY"
Radiant Shine Wash,Wooster,OH,,"Wooster, OH #3",ok,true,true,true,true,true,true,3,80,false,"READY"
Express Auto Wash,North Brookfield,MA,,"Worcester, MA #3",ok,true,false,true,true,true,true,6,89,false,"hours"
Mr. Shine Auto Wash,Trafford,PA,,"Uniontown, PA #2",ok,true,true,true,true,true,true,3,80,false,"READY"
Keep It Shining Car Wash,Bridgeton,NJ,,"Vineland, NJ #1",ok,true,true,true,true,true,true,10,72,false,"READY"
Champion's AutoWash,Wisconsin Rapids,WI,,"Wisconsin Rapids, WI #1",ok,true,true,true,true,true,true,5,85,false,"READY"
Riverview Wash Haus,Wausau,WI,,"Wausau, WI #1",ok,true,true,true,true,true,true,2,42,false,"snips(2),TSS:42"
College Park Car Wash,College Park,MD,,"Washington, DC #2",ok,true,true,true,true,true,true,78,66,true,"READY"
Canfield Auto Spa,Canfield,OH,Super Suds Auto Spa,"Warren-Youngstown, OH #3",ok,true,true,true,true,true,true,4,87,false,"READY"
Car Wash@821,Plymouth,IN,,"Warsaw, IN #1",ok,true,true,true,true,true,true,9,83,false,"READY"
Valley Car Wash,St Clairsville,OH,,"Wheeling, WV #1",ok,true,true,true,true,true,true,7,63,false,"READY"
Exxon,Bartonsville,PA,Exxon,"Wilkes-Barre, PA #1",ok,true,true,true,true,true,true,3,68,false,"READY"
Southport Auto Wash,Southport,NC,,"Wilmington, NC #2",ok,true,true,true,true,true,true,9,80,false,"READY"
Mint Eco Car Wash and Detail Center,West Palm Beach,FL,,"West Palm Beach, FL #2",ok,true,true,true,true,true,true,42,82,true,"READY"
66 Car Wash,Kernersville,NC,,"Winston-Salem, NC #3",ok,true,true,true,true,true,true,17,67,false,"READY"
Hyper Express Car Wash | TOUCHLESS Car Wash | Smithville,Smithville,OH,,"Wooster, OH #1",ok,true,true,true,true,true,true,4,85,true,"READY"
Andover Laserwash,Andover,KS,,"Wichita, KS #2",ok,true,true,true,true,true,true,18,77,true,"READY"
Prístíne Auto Wash,Utica,NY,,"Utica-Rome, NY #2",ok,true,true,true,true,true,true,6,85,false,"READY"
Marathon #602 (Max Car Wash),Lake Park,FL,Marathon,"West Palm Beach, FL #3",ok,true,false,true,true,true,true,2,69,false,"hours,snips(2)"
Cornerstone Car Wash and Laundromat,Stewartstown,PA,,"York, PA #1",ok,true,true,true,true,true,true,8,88,false,"READY"
Sonic Wave Car Wash,Latrobe,PA,,"Uniontown, PA #3",ok,true,true,true,true,false,true,7,81,false,"READY"
Ashland Laser Wash,Ashland,OH,,"Wooster, OH #2",ok,true,true,true,true,true,true,14,70,true,"READY"
Girard Auto Bath,Girard,OH,,"Warren-Youngstown, OH #2",ok,true,true,true,true,true,true,3,85,false,"READY"
RAMS Auto Spa,Mineral Ridge,OH,,"Warren-Youngstown, OH #1",ok,true,true,true,true,true,true,10,89,false,"READY"
Pink Bird Car Wash,West Palm Beach,FL,,"West Palm Beach, FL #1",ok,true,true,true,true,true,true,8,82,true,"READY"
Checkered Flag Car & Dog Wash,Advance,NC,,"Winston-Salem, NC #2",ok,true,true,true,true,false,true,9,90,false,"READY"
Fitzy's Car Wash,North Grafton,MA,,"Worcester, MA #2",ok,true,true,true,true,true,true,33,85,false,"READY"
Wrightsville Beach Auto Wash,Wilmington,NC,,"Wilmington, NC #3",ok,true,true,true,true,true,true,5,71,false,"READY"
Wash ICT,Wichita,KS,,"Wichita, KS #1",ok,true,true,true,true,true,true,42,81,true,"READY"
Water Works Car Wash- Annapolis,Annapolis,MD,,"Washington, DC #3",ok,true,true,true,true,true,true,24,83,false,"READY"
Anderson Ultra Express Car Wash North George St.,York,PA,,"York, PA #3",ok,true,true,true,true,true,true,13,69,false,"READY"
Ogden Car Wash,Wilmington,NC,,"Wilmington, NC #1",ok,true,true,true,true,true,true,15,72,true,"READY"
Victory Auto Wash - Lowell,Lowell,MA,,"Worcester, MA #1",ok,true,true,true,true,true,true,30,91,true,"READY"
Soaps N Suds Laundromat & Car Wash,Virginia Beach,VA,Soaps N Suds,"Virginia Beach, VA #1",ok,true,true,true,true,true,true,10,87,false,"READY"
Liberty Wash,Rome,NY,,"Utica-Rome, NY #3",ok,true,true,true,true,true,true,2,69,false,"snips(2)"
Wash Fair Car Wash,Springfield,VA,,"Washington, DC #1",ok,true,true,true,true,true,true,14,68,true,"READY"
Time To Shine Car Wash,Wichita,KS,,"Wichita, KS #3",ok,true,true,true,true,true,true,10,89,false,"READY"